run_id,source_id,stage,run_kind,baseline_pair_id,n_ulvz,composition_summary,station_count,expected_trace_count,expected_npts,scratch_database_path,execution_order,run_relative_path,par_file_sha256,cmtsolution_sha256,stations_sha256,ulvz_file_sha256
SRC001_B0,SRC001,stage1_baseline,baseline,SRC001_B0,0,,510,1530,25400,/scratch/yiy/ulvz/SRC001_B0/DATABASES_MPI/,1,production_inputs/SRC001_B0,53e7d77356ece41637965c8b80ef10e8d2337d185b0970a5c310abbda396856b,0d67c9f21de70af6d7d6e880c0ad0f26ebcc2bdcf3622c4025a61d227f9348f8,9c77668ad5b48343f80b4a18e54eb1eda8189b6dc545ff7e295424f02de82428,08eb49ee92c7297a30a31c019f788344e3b8b91c2acc059ad119f9e0f7e37891
SRC001_TRIULVZ,SRC001,stage2_multi,tri_ulvz,SRC001_B0,3,A:ULVZ071:family_interpolant;B:ULVZ120:survey_family_sample;C:ULVZ090:family_interpolant,510,1530,25400,/scratch/yiy/ulvz/SRC001_TRIULVZ/DATABASES_MPI/,51,production_inputs/SRC001_TRIULVZ,1e1d4c7eca687acdaa40cdebd1f79a76ab43b88786b96736ecf8c8d7c542059b,0d67c9f21de70af6d7d6e880c0ad0f26ebcc2bdcf3622c4025a61d227f9348f8,9c77668ad5b48343f80b4a18e54eb1eda8189b6dc545ff7e295424f02de82428,ce5f933977b0172d43961c71079a45be77e2665dc6ada822278be7183170f887
SRC002_B0,SRC002,stage1_baseline,baseline,SRC002_B0,0,,510,1530,25400,/scratch/yiy/ulvz/SRC002_B0/DATABASES_MPI/,2,production_inputs/SRC002_B0,c3de92e7d37868a7e705769b3febd500ffa6f4a2101ad47019dc148a28918e11,b57c2f0e92672ecdfde9f8a96dd42910a8de503e25627df45d8d980041ab6a53,9c77668ad5b48343f80b4a18e54eb1eda8189b6dc545ff7e295424f02de82428,08eb49ee92c7297a30a31c019f788344e3b8b91c2acc059ad119f9e0f7e37891
SRC002_TRIULVZ,SRC002,stage2_multi,tri_ulvz,SRC002_B0,3,A:ULVZ096:family_interpolant;B:ULVZ068:family_interpolant;C:ULVZ106:survey_family_sample,510,1530,25400,/scratch/yiy/ulvz/SRC002_TRIULVZ/DATABASES_MPI/,52,production_inputs/SRC002_TRIULVZ,11f7ec4770bc672bb5a0064ec43073a1762cc97766a29e8a862db100e4156dd2,b57c2f0e92672ecdfde9f8a96dd42910a8de503e25627df45d8d980041ab6a53,9c77668ad5b48343f80b4a18e54eb1eda8189b6dc545ff7e295424f02de82428,18c3e9c4146790635652a2ce7fff28734125355d67bc7564192fb401ac30bc0b
SRC003_B0,SRC003,stage1_baseline,baseline,SRC003_B0,0,,510,1530,25400,/scratch/yiy/ulvz/SRC003_B0/DATABASES_MPI/,3,production_inputs/SRC003_B0,3ff51e844cc086d1e5b8443fc6a8acc8432d31a60bff5bdab41642f8db40ab84,fe76c634c8b6c6cf22f07cc4f27d6ff521d77c73124fa3803b901f23a5ed698c,9c77668ad5b48343f80b4a18e54eb1eda8189b6dc545ff7e295424f02de82428,08eb49ee92c7297a30a31c019f788344e3b8b91c2acc059ad119f9e0f7e37891
SRC003_TRIULVZ,SRC003,stage2_multi,tri_ulvz,SRC003_B0,3,A:ULVZ011:legacy_parameter_anchor;B:ULVZ139:survey_family_sample;C:ULVZ081:family_interpolant,510,1530,25400,/scratch/yiy/ulvz/SRC003_TRIULVZ/DATABASES_MPI/,53,production_inputs/SRC003_TRIULVZ,e90b61b9320d1744bae949a5f087f19e3415fe75bd70816e584d338fc2725f1c,fe76c634c8b6c6cf22f07cc4f27d6ff521d77c73124fa3803b901f23a5ed698c,9c77668ad5b48343f80b4a18e54eb1eda8189b6dc545ff7e295424f02de82428,632286adbf76badb69a0438bde0160737020e5b128acfb0a21c7af4fa7bca778
SRC004_B0,SRC004,stage1_baseline,baseline,SRC004_B0,0,,510,1530,25400,/scratch/yiy/ulvz/SRC004_B0/DATABASES_MPI/,4,production_inputs/SRC004_B0,24828f7ca75bc26c4751942ea40f45d6c736077d6b982f2c94557c4705ba1f59,dd00f1da5d71d1da5b1c9743dc6f3c675eacde8da61948142a8f160825c16612,9c77668ad5b48343f80b4a18e54eb1eda8189b6dc545ff7e295424f02de82428,08eb49ee92c7297a30a31c019f788344e3b8b91c2acc059ad119f9e0f7e37891
SRC004_TRIULVZ,SRC004,stage2_multi,tri_ulvz,SRC004_B0,3,A:ULVZ030:legacy_parameter_anchor;B:ULVZ060:family_interpolant;C:ULVZ138:survey_family_sample,510,1530,25400,/scratch/yiy/ulvz/SRC004_TRIULVZ/DATABASES_MPI/,54,production_inputs/SRC004_TRIULVZ,3f6a8259aaed4fa1c148b8c64120b6eeef88cfb258e59cf612f53369c8d0e7d7,dd00f1da5d71d1da5b1c9743dc6f3c675eacde8da61948142a8f160825c16612,9c77668ad5b48343f80b4a18e54eb1eda8189b6dc545ff7e295424f02de82428,3525648cde5899f5fbcc135e51a657eee7720a37ae0909cab583374afa9c7f88
SRC005_B0,SRC005,stage1_baseline,baseline,SRC005_B0,0,,510,1530,25400,/scratch/yiy/ulvz/SRC005_B0/DATABASES_MPI/,5,production_inputs/SRC005_B0,8d47c58c5ec18f1060a83c50ab0dc0af2ec62735ccf9070479df181c5c624a16,ca0441110200b0a2d59d81ac0d99adaa6cf95bc675e2da60d61ec99a16e0a2d1,9c77668ad5b48343f80b4a18e54eb1eda8189b6dc545ff7e295424f02de82428,08eb49ee92c7297a30a31c019f788344e3b8b91c2acc059ad119f9e0f7e37891
SRC005_TRIULVZ,SRC005,stage2_multi,tri_ulvz,SRC005_B0,3,A:ULVZ026:legacy_parameter_anchor;B:ULVZ038:family_interpolant;C:ULVZ001:legacy_parameter_anchor,510,1530,25400,/scratch/yiy/ulvz/SRC005_TRIULVZ/DATABASES_MPI/,55,production_inputs/SRC005_TRIULVZ,b6a7166144a01fd3f7b2fd1544676d290635ccf53c9d83403be7862cfc9d3d17,ca0441110200b0a2d59d81ac0d99adaa6cf95bc675e2da60d61ec99a16e0a2d1,9c77668ad5b48343f80b4a18e54eb1eda8189b6dc545ff7e295424f02de82428,56f82fa6a9581f1f4ee128a8035ea0bbce43505df47b27f4f48af0eeffd50fdc
SRC006_B0,SRC006,stage1_baseline,baseline,SRC006_B0,0,,510,1530,25400,/scratch/yiy/ulvz/SRC006_B0/DATABASES_MPI/,6,production_inputs/SRC006_B0,9ec8da3324979d48127742b1cfa94c6268802a2f165a605e070b5415d3480d09,d86e3668ea0849d0725dd6a7ae5a87d8fa099afbc6464803820362a367a24139,9c77668ad5b48343f80b4a18e54eb1eda8189b6dc545ff7e295424f02de82428,08eb49ee92c7297a30a31c019f788344e3b8b91c2acc059ad119f9e0f7e37891
SRC006_TRIULVZ,SRC006,stage2_multi,tri_ulvz,SRC006_B0,3,A:ULVZ014:legacy_parameter_anchor;B:ULVZ140:survey_family_sample;C:ULVZ093:family_interpolant,510,1530,25400,/scratch/yiy/ulvz/SRC006_TRIULVZ/DATABASES_MPI/,56,production_inputs/SRC006_TRIULVZ,88b3c363150a91915d0837fccf1efcd1810f5dc4e54242cd2ffbc0666449dbc8,d86e3668ea0849d0725dd6a7ae5a87d8fa099afbc6464803820362a367a24139,9c77668ad5b48343f80b4a18e54eb1eda8189b6dc545ff7e295424f02de82428,27ecb628f2cdb9267bd27047284f069c81ce4f5ad1d22c383d0dc942ea860344
SRC007_B0,SRC007,stage1_baseline,baseline,SRC007_B0,0,,510,1530,25400,/scratch/yiy/ulvz/SRC007_B0/DATABASES_MPI/,7,production_inputs/SRC007_B0,be27c72de5ca55d6f229835551e5b149df28add32188f81af102913d7e6841dc,7b03e58e9817a5315e2856f0ea27295b358f0e96d30570aa61c5ea9d60b34944,9c77668ad5b48343f80b4a18e54eb1eda8189b6dc545ff7e295424f02de82428,08eb49ee92c7297a30a31c019f788344e3b8b91c2acc059ad119f9e0f7e37891
SRC007_TRIULVZ,SRC007,stage2_multi,tri_ulvz,SRC007_B0,3,A:ULVZ119:survey_family_sample;B:ULVZ009:legacy_parameter_anchor;C:ULVZ047:family_interpolant,510,1530,25400,/scratch/yiy/ulvz/SRC007_TRIULVZ/DATABASES_MPI/,57,production_inputs/SRC007_TRIULVZ,b5bba65acf2dd3dfedaa66a3cf3e3157b74dba3bed65470223c373a1e601737f,7b03e58e9817a5315e2856f0ea27295b358f0e96d30570aa61c5ea9d60b34944,9c77668ad5b48343f80b4a18e54eb1eda8189b6dc545ff7e295424f02de82428,a7edbfdce9264dc55e03ab24161dae94b138854ae2f7d5e236e8194a841fb954
SRC008_B0,SRC008,stage1_baseline,baseline,SRC008_B0,0,,510,1530,25400,/scratch/yiy/ulvz/SRC008_B0/DATABASES_MPI/,8,production_inputs/SRC008_B0,eebd4e44e19b528b007e9951668c85d467eeec20736289ebd6f78c1c158e26ec,2ec48a27c179aac212911bc600fdc4d8f08943010266dd08c0a55eaa764489ce,9c77668ad5b48343f80b4a18e54eb1eda8189b6dc545ff7e295424f02de82428,08eb49ee92c7297a30a31c019f788344e3b8b91c2acc059ad119f9e0f7e37891
SRC008_TRIULVZ,SRC008,stage2_multi,tri_ulvz,SRC008_B0,3,A:ULVZ146:survey_family_sample;B:ULVZ013:legacy_parameter_anchor;C:ULVZ016:legacy_parameter_anchor,510,1530,25400,/scratch/yiy/ulvz/SRC008_TRIULVZ/DATABASES_MPI/,58,production_inputs/SRC008_TRIULVZ,7429b4e86fb0cf8924e303226a90bc1dec7fc62fb621f62ad47f8c009b573656,2ec48a27c179aac212911bc600fdc4d8f08943010266dd08c0a55eaa764489ce,9c77668ad5b48343f80b4a18e54eb1eda8189b6dc545ff7e295424f02de82428,11ee00e153c41df4d6479e7672deb8841198ae5b62752f913c0b56ddac192966
SRC009_B0,SRC009,stage1_baseline,baseline,SRC009_B0,0,,510,1530,25400,/scratch/yiy/ulvz/SRC009_B0/DATABASES_MPI/,9,production_inputs/SRC009_B0,5929dcda56e68cdef2281ee11b03081d79251b250ad60bffb3d0e733ae133126,3208a60dff01a114c40d087cbf297f17dceebbb88d0c09e682bee686286ff637,9c77668ad5b48343f80b4a18e54eb1eda8189b6dc545ff7e295424f02de82428,08eb49ee92c7297a30a31c019f788344e3b8b91c2acc059ad119f9e0f7e37891
SRC009_TRIULVZ,SRC009,stage2_multi,tri_ulvz,SRC009_B0,3,A:ULVZ008:legacy_parameter_anchor;B:ULVZ083:family_interpolant;C:ULVZ023:legacy_parameter_anchor,510,1530,25400,/scratch/yiy/ulvz/SRC009_TRIULVZ/DATABASES_MPI/,59,production_inputs/SRC009_TRIULVZ,08c535fd71278ef456ed097e06bbffef80673e0114916eec60454ab2c404a573,3208a60dff01a114c40d087cbf297f17dceebbb88d0c09e682bee686286ff637,9c77668ad5b48343f80b4a18e54eb1eda8189b6dc545ff7e295424f02de82428,43f5d50275c0cd6fd2ebe64f9c281b11acdce17c25b1986d7a72e4b84d091934
SRC010_B0,SRC010,stage1_baseline,baseline,SRC010_B0,0,,510,1530,25400,/scratch/yiy/ulvz/SRC010_B0/DATABASES_MPI/,10,production_inputs/SRC010_B0,f7f2247619230c4d7dd1d543569684c67c166853800b4182c312dd12e1a677dd,9962f8199200ee27b9695b9b80ab7cb3aa9d59a1b020ff3139db9f4fa2db7baa,9c77668ad5b48343f80b4a18e54eb1eda8189b6dc545ff7e295424f02de82428,08eb49ee92c7297a30a31c019f788344e3b8b91c2acc059ad119f9e0f7e37891
SRC010_TRIULVZ,SRC010,stage2_multi,tri_ulvz,SRC010_B0,3,A:ULVZ059:family_interpolant;B:ULVZ123:survey_family_sample;C:ULVZ136:survey_family_sample,510,1530,25400,/scratch/yiy/ulvz/SRC010_TRIULVZ/DATABASES_MPI/,60,production_inputs/SRC010_TRIULVZ,69000df95e550886255aea98a149df805fa8c03c634467ba2a592485efffffdd,9962f8199200ee27b9695b9b80ab7cb3aa9d59a1b020ff3139db9f4fa2db7baa,9c77668ad5b48343f80b4a18e54eb1eda8189b6dc545ff7e295424f02de82428,39f1182c18581d7977bc8247daaec4895d3865e447f51ace323c79fee05bb0d0
SRC011_B0,SRC011,stage1_baseline,baseline,SRC011_B0,0,,510,1530,25400,/scratch/yiy/ulvz/SRC011_B0/DATABASES_MPI/,11,production_inputs/SRC011_B0,c6529287e00392a3a2e26e3322d3d019abba0328667130591b4556ea3c2193f2,60b868de3f5ff0327c012481ec50336fd3b6ef045bb73b0b37efd2e1b84e616b,9c77668ad5b48343f80b4a18e54eb1eda8189b6dc545ff7e295424f02de82428,08eb49ee92c7297a30a31c019f788344e3b8b91c2acc059ad119f9e0f7e37891
SRC011_TRIULVZ,SRC011,stage2_multi,tri_ulvz,SRC011_B0,3,A:ULVZ111:survey_family_sample;B:ULVZ125:survey_family_sample;C:ULVZ085:family_interpolant,510,1530,25400,/scratch/yiy/ulvz/SRC011_TRIULVZ/DATABASES_MPI/,61,production_inputs/SRC011_TRIULVZ,90592cdb44a4fc38fed38bd9657497c8c7bbd74fcd179359cc3473b47dbf89e0,60b868de3f5ff0327c012481ec50336fd3b6ef045bb73b0b37efd2e1b84e616b,9c77668ad5b48343f80b4a18e54eb1eda8189b6dc545ff7e295424f02de82428,9354ebdbc166dc85107ab7948d4f48dc2c53cd0fe5d496a2a781a02635dbb06a
SRC012_B0,SRC012,stage1_baseline,baseline,SRC012_B0,0,,510,1530,25400,/scratch/yiy/ulvz/SRC012_B0/DATABASES_MPI/,12,production_inputs/SRC012_B0,8b3b4d2605bfdbeb26831df771abdcead17e23a0441c5c58e17e1719eefbce73,9ce1d0ebd36b60302fa4887ea54a25f3fb84e23d6a74c44483b40ae03269ddc7,9c77668ad5b48343f80b4a18e54eb1eda8189b6dc545ff7e295424f02de82428,08eb49ee92c7297a30a31c019f788344e3b8b91c2acc059ad119f9e0f7e37891
SRC012_TRIULVZ,SRC012,stage2_multi,tri_ulvz,SRC012_B0,3,A:ULVZ050:family_interpolant;B:ULVZ075:family_interpolant;C:ULVZ055:family_interpolant,510,1530,25400,/scratch/yiy/ulvz/SRC012_TRIULVZ/DATABASES_MPI/,62,production_inputs/SRC012_TRIULVZ,876a72a0d039b93786e3dde021eb6945848985cbf0fd2e6f39d2c80d4b8b41cd,9ce1d0ebd36b60302fa4887ea54a25f3fb84e23d6a74c44483b40ae03269ddc7,9c77668ad5b48343f80b4a18e54eb1eda8189b6dc545ff7e295424f02de82428,0db2fdd8bb4df78c675e5cc13a8d49c8001c67203dad653557aa2d09072f7dc2
SRC013_B0,SRC013,stage1_baseline,baseline,SRC013_B0,0,,510,1530,25400,/scratch/yiy/ulvz/SRC013_B0/DATABASES_MPI/,13,production_inputs/SRC013_B0,0dbe7f2e558ab3c843ee700ec7e81fe71c35d612b393ccdfdee5ec0f3a9decc9,9ed48d3ed9d3bf9534627d69017422a3aa1d2092f3a5e57a876d3d5d30b32bbc,9c77668ad5b48343f80b4a18e54eb1eda8189b6dc545ff7e295424f02de82428,08eb49ee92c7297a30a31c019f788344e3b8b91c2acc059ad119f9e0f7e37891
SRC013_TRIULVZ,SRC013,stage2_multi,tri_ulvz,SRC013_B0,3,A:ULVZ107:survey_family_sample;B:ULVZ003:legacy_parameter_anchor;C:ULVZ004:legacy_parameter_anchor,510,1530,25400,/scratch/yiy/ulvz/SRC013_TRIULVZ/DATABASES_MPI/,63,production_inputs/SRC013_TRIULVZ,7f945c5a442c218726bc1bcad3fface500460f503837fd4a2633eb0f75e91e0e,9ed48d3ed9d3bf9534627d69017422a3aa1d2092f3a5e57a876d3d5d30b32bbc,9c77668ad5b48343f80b4a18e54eb1eda8189b6dc545ff7e295424f02de82428,5fe671be41af5ed49cefe7d875965a0036011b82a7c98793446261a775326e42
SRC014_B0,SRC014,stage1_baseline,baseline,SRC014_B0,0,,510,1530,25400,/scratch/yiy/ulvz/SRC014_B0/DATABASES_MPI/,14,production_inputs/SRC014_B0,a142acef8257438b9a5b84382d1018a0f9a14561ec44373ea6af4ac83fa04015,b56e1f4c6e8373831e57ed9c75d4e7435437d4daa10c14f32ef19806d9c1ee5a,9c77668ad5b48343f80b4a18e54eb1eda8189b6dc545ff7e295424f02de82428,08eb49ee92c7297a30a31c019f788344e3b8b91c2acc059ad119f9e0f7e37891
SRC014_TRIULVZ,SRC014,stage2_multi,tri_ulvz,SRC014_B0,3,A:ULVZ021:legacy_parameter_anchor;B:ULVZ079:family_interpolant;C:ULVZ062:family_interpolant,510,1530,25400,/scratch/yiy/ulvz/SRC014_TRIULVZ/DATABASES_MPI/,64,production_inputs/SRC014_TRIULVZ,580a186374dfa8f33fff94718d2412553cc0932a5151e7362da3415c2c4d89de,b56e1f4c6e8373831e57ed9c75d4e7435437d4daa10c14f32ef19806d9c1ee5a,9c77668ad5b48343f80b4a18e54eb1eda8189b6dc545ff7e295424f02de82428,50cd3f8fdcfca436308d664cde7b6a52decac6d63bcee1b815f45d99af8f6b03
SRC015_B0,SRC015,stage1_baseline,baseline,SRC015_B0,0,,510,1530,25400,/scratch/yiy/ulvz/SRC015_B0/DATABASES_MPI/,15,production_inputs/SRC015_B0,efb6f7c5881c514c921810a0c74ee2773efd9331a395017c216bda3d194f8d2a,159b39d538f2e678a8220320fcebf661e956fdd879e977ee0153f907c5e72296,9c77668ad5b48343f80b4a18e54eb1eda8189b6dc545ff7e295424f02de82428,08eb49ee92c7297a30a31c019f788344e3b8b91c2acc059ad119f9e0f7e37891
SRC015_TRIULVZ,SRC015,stage2_multi,tri_ulvz,SRC015_B0,3,A:ULVZ122:survey_family_sample;B:ULVZ118:survey_family_sample;C:ULVZ019:legacy_parameter_anchor,510,1530,25400,/scratch/yiy/ulvz/SRC015_TRIULVZ/DATABASES_MPI/,65,production_inputs/SRC015_TRIULVZ,9620b35ce64cae7815f96cba941a4c401d62c120b53d1a0f68e4fa675e593068,159b39d538f2e678a8220320fcebf661e956fdd879e977ee0153f907c5e72296,9c77668ad5b48343f80b4a18e54eb1eda8189b6dc545ff7e295424f02de82428,d4ce57cdec051968202c5beecd8c575a13430d32a0e4879342c1af2a7e6514be
SRC016_B0,SRC016,stage1_baseline,baseline,SRC016_B0,0,,510,1530,25400,/scratch/yiy/ulvz/SRC016_B0/DATABASES_MPI/,16,production_inputs/SRC016_B0,da368956b60355bfa2e092570325560ec6d89a4333ee6491da527465d7cda1a7,ba65996ea7c0e4f3007fc6c97e8c7b5fb650917e40b88abae7267a8b723a5238,9c77668ad5b48343f80b4a18e54eb1eda8189b6dc545ff7e295424f02de82428,08eb49ee92c7297a30a31c019f788344e3b8b91c2acc059ad119f9e0f7e37891
SRC016_TRIULVZ,SRC016,stage2_multi,tri_ulvz,SRC016_B0,3,A:ULVZ046:family_interpolant;B:ULVZ098:family_interpolant;C:ULVZ115:survey_family_sample,510,1530,25400,/scratch/yiy/ulvz/SRC016_TRIULVZ/DATABASES_MPI/,66,production_inputs/SRC016_TRIULVZ,5ad70a569a1c9cb996a966bbfa34677b59be38e6618eccf43148e38b9c7d54ec,ba65996ea7c0e4f3007fc6c97e8c7b5fb650917e40b88abae7267a8b723a5238,9c77668ad5b48343f80b4a18e54eb1eda8189b6dc545ff7e295424f02de82428,91f5492f82b302703b40405f6c3f6f655da2fb566684054ddc184fd4beabbb57
SRC017_B0,SRC017,stage1_baseline,baseline,SRC017_B0,0,,510,1530,25400,/scratch/yiy/ulvz/SRC017_B0/DATABASES_MPI/,17,production_inputs/SRC017_B0,bd5e50696c81c6f55dc81b331d1b9eba612f5cce154993397bac18f339395220,f5813182140efb3fe6dce7af71caebe8ffbf3138239c7bd1719d92a29dd74294,9c77668ad5b48343f80b4a18e54eb1eda8189b6dc545ff7e295424f02de82428,08eb49ee92c7297a30a31c019f788344e3b8b91c2acc059ad119f9e0f7e37891
SRC017_TRIULVZ,SRC017,stage2_multi,tri_ulvz,SRC017_B0,3,A:ULVZ018:legacy_parameter_anchor;B:ULVZ086:family_interpolant;C:ULVZ020:legacy_parameter_anchor,510,1530,25400,/scratch/yiy/ulvz/SRC017_TRIULVZ/DATABASES_MPI/,67,production_inputs/SRC017_TRIULVZ,74a32df2d145cc631ce9a54cace04e2c072d823575971981b2f8d293e7574175,f5813182140efb3fe6dce7af71caebe8ffbf3138239c7bd1719d92a29dd74294,9c77668ad5b48343f80b4a18e54eb1eda8189b6dc545ff7e295424f02de82428,a93fffac1c8bb46bd05b9f28a000fed3037d08893233b5a799bbe85ea1f94364
SRC018_B0,SRC018,stage1_baseline,baseline,SRC018_B0,0,,510,1530,25400,/scratch/yiy/ulvz/SRC018_B0/DATABASES_MPI/,18,production_inputs/SRC018_B0,be8057a9e30f012615534c10b9a244e547bbb0efb74928b106587ed95d4930a3,8e5d2e7c57acbe4b356bdf5a8a15d33f682ef2214c358f738350ec584859242d,9c77668ad5b48343f80b4a18e54eb1eda8189b6dc545ff7e295424f02de82428,08eb49ee92c7297a30a31c019f788344e3b8b91c2acc059ad119f9e0f7e37891
SRC018_TRIULVZ,SRC018,stage2_multi,tri_ulvz,SRC018_B0,3,A:ULVZ072:family_interpolant;B:ULVZ043:family_interpolant;C:ULVZ063:family_interpolant,510,1530,25400,/scratch/yiy/ulvz/SRC018_TRIULVZ/DATABASES_MPI/,68,production_inputs/SRC018_TRIULVZ,4a42acfb1d812d1a8a70522a42a618e54f8c24456705385d6825cffe8db23c99,8e5d2e7c57acbe4b356bdf5a8a15d33f682ef2214c358f738350ec584859242d,9c77668ad5b48343f80b4a18e54eb1eda8189b6dc545ff7e295424f02de82428,3c19674c968fc324b791d67e9eb4272a5ecca6ee8288cf2526814f8cc9c510b6
SRC019_B0,SRC019,stage1_baseline,baseline,SRC019_B0,0,,510,1530,25400,/scratch/yiy/ulvz/SRC019_B0/DATABASES_MPI/,19,production_inputs/SRC019_B0,d18fa5a256944b9d6b35247718fbb64307de38aed29d6cccbdbb6d53d70bff5a,c7f01907ddf305af0d3e27a8ce18b15ce8afe70ded9690b3b86e81d243160118,9c77668ad5b48343f80b4a18e54eb1eda8189b6dc545ff7e295424f02de82428,08eb49ee92c7297a30a31c019f788344e3b8b91c2acc059ad119f9e0f7e37891
SRC019_TRIULVZ,SRC019,stage2_multi,tri_ulvz,SRC019_B0,3,A:ULVZ017:legacy_parameter_anchor;B:ULVZ045:family_interpolant;C:ULVZ095:family_interpolant,510,1530,25400,/scratch/yiy/ulvz/SRC019_TRIULVZ/DATABASES_MPI/,69,production_inputs/SRC019_TRIULVZ,de76d25ee857b7a0225a2571bf7e4fac2353a614cd0d21eca58d3130d4d5b67a,c7f01907ddf305af0d3e27a8ce18b15ce8afe70ded9690b3b86e81d243160118,9c77668ad5b48343f80b4a18e54eb1eda8189b6dc545ff7e295424f02de82428,63e64834d606511ed18a86c1888c1d11a078f93e9c833731a1de4a71b74f14fa
SRC020_B0,SRC020,stage1_baseline,baseline,SRC020_B0,0,,510,1530,25400,/scratch/yiy/ulvz/SRC020_B0/DATABASES_MPI/,20,production_inputs/SRC020_B0,5c744c43be7870e6178a129f35a4b2db81ab8eb056ca7792511695d5eef32a2d,79b183492a45a3c49d5ce35567c13a5a2f98a5dfc3c6e56f5fcf99bdf84de51d,9c77668ad5b48343f80b4a18e54eb1eda8189b6dc545ff7e295424f02de82428,08eb49ee92c7297a30a31c019f788344e3b8b91c2acc059ad119f9e0f7e37891
SRC020_TRIULVZ,SRC020,stage2_multi,tri_ulvz,SRC020_B0,3,A:ULVZ056:family_interpolant;B:ULVZ135:survey_family_sample;C:ULVZ134:survey_family_sample,510,1530,25400,/scratch/yiy/ulvz/SRC020_TRIULVZ/DATABASES_MPI/,70,production_inputs/SRC020_TRIULVZ,b78ee6dfbf1cf6941b00671083d6f21fc228c77f47b7db2c56b94b6d0653e3e0,79b183492a45a3c49d5ce35567c13a5a2f98a5dfc3c6e56f5fcf99bdf84de51d,9c77668ad5b48343f80b4a18e54eb1eda8189b6dc545ff7e295424f02de82428,c6c634d161d1b806f8124645ca6b432e992d13a5a7b4ecbedbdd5141f828b03b
SRC021_B0,SRC021,stage1_baseline,baseline,SRC021_B0,0,,510,1530,25400,/scratch/yiy/ulvz/SRC021_B0/DATABASES_MPI/,21,production_inputs/SRC021_B0,adc6322e48e9059ce440117aa0a34078526b9c9cf7d68f95dbf1618f85a13d87,3fc0e075dc6cb7bc7fd37fe268b1b266b05dd1f9e825bb0eba9f80ecf3f0aa72,9c77668ad5b48343f80b4a18e54eb1eda8189b6dc545ff7e295424f02de82428,08eb49ee92c7297a30a31c019f788344e3b8b91c2acc059ad119f9e0f7e37891
SRC021_TRIULVZ,SRC021,stage2_multi,tri_ulvz,SRC021_B0,3,A:ULVZ117:survey_family_sample;B:ULVZ031:legacy_parameter_anchor;C:ULVZ080:family_interpolant,510,1530,25400,/scratch/yiy/ulvz/SRC021_TRIULVZ/DATABASES_MPI/,71,production_inputs/SRC021_TRIULVZ,8f2dd8c964c25ab9aa8c42d8c9f60fe7ae3f9426ce1152aa255a842574b93306,3fc0e075dc6cb7bc7fd37fe268b1b266b05dd1f9e825bb0eba9f80ecf3f0aa72,9c77668ad5b48343f80b4a18e54eb1eda8189b6dc545ff7e295424f02de82428,66c30d9daa1cc23137cd473181ae6ae0c6f9c2eaffef3e155d76115febb740a2
SRC022_B0,SRC022,stage1_baseline,baseline,SRC022_B0,0,,510,1530,25400,/scratch/yiy/ulvz/SRC022_B0/DATABASES_MPI/,22,production_inputs/SRC022_B0,0cfc02c2cc3513b54f8bc73b5bc3bd7e175cdf60b68f874bbcf883b6b012a9c5,40c888246e582e734fd81daff1119167b060ceb6f551708257989aff6233fa3e,9c77668ad5b48343f80b4a18e54eb1eda8189b6dc545ff7e295424f02de82428,08eb49ee92c7297a30a31c019f788344e3b8b91c2acc059ad119f9e0f7e37891
SRC022_TRIULVZ,SRC022,stage2_multi,tri_ulvz,SRC022_B0,3,A:ULVZ141:survey_family_sample;B:ULVZ105:survey_family_sample;C:ULVZ022:legacy_parameter_anchor,510,1530,25400,/scratch/yiy/ulvz/SRC022_TRIULVZ/DATABASES_MPI/,72,production_inputs/SRC022_TRIULVZ,95ba37715f05d67995bf8703cd5822bf3bfb88c5dc926b263ad552b02f7f7f81,40c888246e582e734fd81daff1119167b060ceb6f551708257989aff6233fa3e,9c77668ad5b48343f80b4a18e54eb1eda8189b6dc545ff7e295424f02de82428,e12fa08e712b824792b31c826afb47cb0f9de906204beafe14e54aea97cef53d
SRC023_B0,SRC023,stage1_baseline,baseline,SRC023_B0,0,,510,1530,25400,/scratch/yiy/ulvz/SRC023_B0/DATABASES_MPI/,23,production_inputs/SRC023_B0,1bdcf3133bc000d67361476abb970171a81abd180aac0e8e34e89489aa13461f,e95804d346e868dd4fa590c39154ba58ea68d183f5afca3afb261366c48f438e,9c77668ad5b48343f80b4a18e54eb1eda8189b6dc545ff7e295424f02de82428,08eb49ee92c7297a30a31c019f788344e3b8b91c2acc059ad119f9e0f7e37891
SRC023_TRIULVZ,SRC023,stage2_multi,tri_ulvz,SRC023_B0,3,A:ULVZ066:family_interpolant;B:ULVZ069:family_interpolant;C:ULVZ007:legacy_parameter_anchor,510,1530,25400,/scratch/yiy/ulvz/SRC023_TRIULVZ/DATABASES_MPI/,73,production_inputs/SRC023_TRIULVZ,46da28337a0ece72f66b3844d6122c9fa25575d32f366d0d3d755085adef0d46,e95804d346e868dd4fa590c39154ba58ea68d183f5afca3afb261366c48f438e,9c77668ad5b48343f80b4a18e54eb1eda8189b6dc545ff7e295424f02de82428,8ccada5f106e839064347ab97053a483a116942e38718742f0b79825a07916f9
SRC024_B0,SRC024,stage1_baseline,baseline,SRC024_B0,0,,510,1530,25400,/scratch/yiy/ulvz/SRC024_B0/DATABASES_MPI/,24,production_inputs/SRC024_B0,14e085b3d7fbbb35c379245400c01759eda6c0f6dc7da5d0ebe57ce9ec90cdfe,8efc2404042923b1ed38f2d1859606f467ec8cf74d61bc906c6de77f8d1812df,9c77668ad5b48343f80b4a18e54eb1eda8189b6dc545ff7e295424f02de82428,08eb49ee92c7297a30a31c019f788344e3b8b91c2acc059ad119f9e0f7e37891
SRC024_TRIULVZ,SRC024,stage2_multi,tri_ulvz,SRC024_B0,3,A:ULVZ109:survey_family_sample;B:ULVZ015:legacy_parameter_anchor;C:ULVZ032:legacy_parameter_anchor,510,1530,25400,/scratch/yiy/ulvz/SRC024_TRIULVZ/DATABASES_MPI/,74,production_inputs/SRC024_TRIULVZ,346d1a38133db7874139a35b7de38c5cc91b80cacb85e3c3e15a630adb542da2,8efc2404042923b1ed38f2d1859606f467ec8cf74d61bc906c6de77f8d1812df,9c77668ad5b48343f80b4a18e54eb1eda8189b6dc545ff7e295424f02de82428,6de0b664d0bedfc3c75206b14fa17fd96c94c23e3b4c83f1d8085194854b69ad
SRC025_B0,SRC025,stage1_baseline,baseline,SRC025_B0,0,,510,1530,25400,/scratch/yiy/ulvz/SRC025_B0/DATABASES_MPI/,25,production_inputs/SRC025_B0,4c233d325c7d8579d5677a4a1e34ebb59bd6780cdbd988f0cd318388095c9b69,1a5a303b788b7db5567159359af8f93c952a3f03a17b6bbe2ebfc3fa7fb03171,9c77668ad5b48343f80b4a18e54eb1eda8189b6dc545ff7e295424f02de82428,08eb49ee92c7297a30a31c019f788344e3b8b91c2acc059ad119f9e0f7e37891
SRC025_TRIULVZ,SRC025,stage2_multi,tri_ulvz,SRC025_B0,3,A:ULVZ077:family_interpolant;B:ULVZ039:family_interpolant;C:ULVZ042:family_interpolant,510,1530,25400,/scratch/yiy/ulvz/SRC025_TRIULVZ/DATABASES_MPI/,75,production_inputs/SRC025_TRIULVZ,53c76930b56ecc949aef6d01aca1f3cd03a37a83df8e82c813a90be4388f92c4,1a5a303b788b7db5567159359af8f93c952a3f03a17b6bbe2ebfc3fa7fb03171,9c77668ad5b48343f80b4a18e54eb1eda8189b6dc545ff7e295424f02de82428,8d855597e8e6236f4b8ace4186cd8f837cb865731ba52d4604ffa0dc5034de6f
SRC026_B0,SRC026,stage1_baseline,baseline,SRC026_B0,0,,510,1530,25400,/scratch/yiy/ulvz/SRC026_B0/DATABASES_MPI/,26,production_inputs/SRC026_B0,aca67c287734f29dc8b7648934797e50938c90e4168278183f374a53513ca849,83ed72ed5f4970fc2e4e06866d6a972b5f23d2b800da7e34cac880e8dc4f513a,9c77668ad5b48343f80b4a18e54eb1eda8189b6dc545ff7e295424f02de82428,08eb49ee92c7297a30a31c019f788344e3b8b91c2acc059ad119f9e0f7e37891
SRC026_TRIULVZ,SRC026,stage2_multi,tri_ulvz,SRC026_B0,3,A:ULVZ005:legacy_parameter_anchor;B:ULVZ101:survey_family_sample;C:ULVZ104:survey_family_sample,510,1530,25400,/scratch/yiy/ulvz/SRC026_TRIULVZ/DATABASES_MPI/,76,production_inputs/SRC026_TRIULVZ,85ffb17efa64220518f50394a931a23837bcf8939da35c8d7880ca589f654480,83ed72ed5f4970fc2e4e06866d6a972b5f23d2b800da7e34cac880e8dc4f513a,9c77668ad5b48343f80b4a18e54eb1eda8189b6dc545ff7e295424f02de82428,7193e5e58ade0fdbb64686d7999aedf1e6b46aff8f9e1d9052ccd7077edf396a
SRC027_B0,SRC027,stage1_baseline,baseline,SRC027_B0,0,,510,1530,25400,/scratch/yiy/ulvz/SRC027_B0/DATABASES_MPI/,27,production_inputs/SRC027_B0,2895081455026519e8a8a6873e483cbe184e27d056d70b88fe438a15d0265130,a0ed645622c2c5a0f2f25f4edc2b2556c0703863bfd333a123561c83bc9a99b1,9c77668ad5b48343f80b4a18e54eb1eda8189b6dc545ff7e295424f02de82428,08eb49ee92c7297a30a31c019f788344e3b8b91c2acc059ad119f9e0f7e37891
SRC027_TRIULVZ,SRC027,stage2_multi,tri_ulvz,SRC027_B0,3,A:ULVZ113:survey_family_sample;B:ULVZ130:survey_family_sample;C:ULVZ121:survey_family_sample,510,1530,25400,/scratch/yiy/ulvz/SRC027_TRIULVZ/DATABASES_MPI/,77,production_inputs/SRC027_TRIULVZ,e9466cf1c87bf69c85d62be54dd2caf20e973c4ddd7a1df64ee7cbaab0156434,a0ed645622c2c5a0f2f25f4edc2b2556c0703863bfd333a123561c83bc9a99b1,9c77668ad5b48343f80b4a18e54eb1eda8189b6dc545ff7e295424f02de82428,f09a5595594676d256bbdc7faf0bc0e50dde694004c62004145221a040347fe9
SRC028_B0,SRC028,stage1_baseline,baseline,SRC028_B0,0,,510,1530,25400,/scratch/yiy/ulvz/SRC028_B0/DATABASES_MPI/,28,production_inputs/SRC028_B0,6a6e8c8696c5bd0bf66ae2a2077cf9908a902c57dd7f1cfca026ed168be0f603,651a57f24e9d95302447b6184684cd69ad77f638b56e5b0fd1d3c51c1591f2f1,9c77668ad5b48343f80b4a18e54eb1eda8189b6dc545ff7e295424f02de82428,08eb49ee92c7297a30a31c019f788344e3b8b91c2acc059ad119f9e0f7e37891
SRC028_TRIULVZ,SRC028,stage2_multi,tri_ulvz,SRC028_B0,3,A:ULVZ116:survey_family_sample;B:ULVZ025:legacy_parameter_anchor;C:ULVZ051:family_interpolant,510,1530,25400,/scratch/yiy/ulvz/SRC028_TRIULVZ/DATABASES_MPI/,78,production_inputs/SRC028_TRIULVZ,9724b0d816c0275ced8dca8f2a2f475167207c2f6ddf6207525ab0bf89c5ffa1,651a57f24e9d95302447b6184684cd69ad77f638b56e5b0fd1d3c51c1591f2f1,9c77668ad5b48343f80b4a18e54eb1eda8189b6dc545ff7e295424f02de82428,1f11b3e204261e27cfe1ae13200df087c0693369aa8ed04544d0c869dffd7640
SRC029_B0,SRC029,stage1_baseline,baseline,SRC029_B0,0,,510,1530,25400,/scratch/yiy/ulvz/SRC029_B0/DATABASES_MPI/,29,production_inputs/SRC029_B0,0f8d0ac26f92251af854602f6c446addfd06bc761a7b67186e687d2684991d89,2bb1160add976f01eab339b5f21466855c44da932ad17e072735823d20f429b0,9c77668ad5b48343f80b4a18e54eb1eda8189b6dc545ff7e295424f02de82428,08eb49ee92c7297a30a31c019f788344e3b8b91c2acc059ad119f9e0f7e37891
SRC029_TRIULVZ,SRC029,stage2_multi,tri_ulvz,SRC029_B0,3,A:ULVZ052:family_interpolant;B:ULVZ074:family_interpolant;C:ULVZ078:family_interpolant,510,1530,25400,/scratch/yiy/ulvz/SRC029_TRIULVZ/DATABASES_MPI/,79,production_inputs/SRC029_TRIULVZ,c47bac89c1ed7e989f108a4ce63ee37a9d72794bbd23b287f533c924fc678d60,2bb1160add976f01eab339b5f21466855c44da932ad17e072735823d20f429b0,9c77668ad5b48343f80b4a18e54eb1eda8189b6dc545ff7e295424f02de82428,4d07b436a9e6061e4dbf5392bfe9a15f63232e4d6868bea96134a15a4b203a71
SRC030_B0,SRC030,stage1_baseline,baseline,SRC030_B0,0,,510,1530,25400,/scratch/yiy/ulvz/SRC030_B0/DATABASES_MPI/,30,production_inputs/SRC030_B0,212cdbe226db54b3f0c460d2e12680d3524eb92b12086e897fe4ba4bfd557fc2,417581b89fcf3c3272e5d27b8100d078f91d422b4c94a5d9eebd8dbd79bbfcc6,9c77668ad5b48343f80b4a18e54eb1eda8189b6dc545ff7e295424f02de82428,08eb49ee92c7297a30a31c019f788344e3b8b91c2acc059ad119f9e0f7e37891
SRC030_TRIULVZ,SRC030,stage2_multi,tri_ulvz,SRC030_B0,3,A:ULVZ057:family_interpolant;B:ULVZ089:family_interpolant;C:ULVZ124:survey_family_sample,510,1530,25400,/scratch/yiy/ulvz/SRC030_TRIULVZ/DATABASES_MPI/,80,production_inputs/SRC030_TRIULVZ,7abcf88c6b982d185b0a29697715db363f93de9fc852bb8445054a93fc930190,417581b89fcf3c3272e5d27b8100d078f91d422b4c94a5d9eebd8dbd79bbfcc6,9c77668ad5b48343f80b4a18e54eb1eda8189b6dc545ff7e295424f02de82428,9d6a387bf38bba24806577515f6c454ab19c482eb836ffbc747b76f9e298e01a
SRC031_B0,SRC031,stage1_baseline,baseline,SRC031_B0,0,,510,1530,25400,/scratch/yiy/ulvz/SRC031_B0/DATABASES_MPI/,31,production_inputs/SRC031_B0,8588ec109fae118a59384d34bc30d3234141a9a7cc7c8c89cf2c4020123c1fae,00ea02e17d9a533c4a72e576d46eddaedbbeac4421588ac14a6474ba7e4f2c92,9c77668ad5b48343f80b4a18e54eb1eda8189b6dc545ff7e295424f02de82428,08eb49ee92c7297a30a31c019f788344e3b8b91c2acc059ad119f9e0f7e37891
SRC031_TRIULVZ,SRC031,stage2_multi,tri_ulvz,SRC031_B0,3,A:ULVZ112:survey_family_sample;B:ULVZ129:survey_family_sample;C:ULVZ131:survey_family_sample,510,1530,25400,/scratch/yiy/ulvz/SRC031_TRIULVZ/DATABASES_MPI/,81,production_inputs/SRC031_TRIULVZ,495ffcf3a9b026c1ef982bfd198fb1413f44e5c8ba110779746c8ab6e2d75ab1,00ea02e17d9a533c4a72e576d46eddaedbbeac4421588ac14a6474ba7e4f2c92,9c77668ad5b48343f80b4a18e54eb1eda8189b6dc545ff7e295424f02de82428,a67b853eae71ab39d402b28933ab600db551d5b14415acfbb6dfaa3b49ee2490
SRC032_B0,SRC032,stage1_baseline,baseline,SRC032_B0,0,,510,1530,25400,/scratch/yiy/ulvz/SRC032_B0/DATABASES_MPI/,32,production_inputs/SRC032_B0,835b6500d4b4587379604abf590a60a08b5535802670da42c5a685915cc52e99,a5d2f72c3ee5cf5047d4513cfe4101769a0588a206c3707e1c54fab596218f67,9c77668ad5b48343f80b4a18e54eb1eda8189b6dc545ff7e295424f02de82428,08eb49ee92c7297a30a31c019f788344e3b8b91c2acc059ad119f9e0f7e37891
SRC032_TRIULVZ,SRC032,stage2_multi,tri_ulvz,SRC032_B0,3,A:ULVZ034:family_interpolant;B:ULVZ114:survey_family_sample;C:ULVZ137:survey_family_sample,510,1530,25400,/scratch/yiy/ulvz/SRC032_TRIULVZ/DATABASES_MPI/,82,production_inputs/SRC032_TRIULVZ,a761eeba83c229f831e43903334bb547fcf9fbc5b9e52f568dcc2c357ac4e481,a5d2f72c3ee5cf5047d4513cfe4101769a0588a206c3707e1c54fab596218f67,9c77668ad5b48343f80b4a18e54eb1eda8189b6dc545ff7e295424f02de82428,8d2fc947e7a9fad590810af3d5fa83384b826eb5c4e5d230e47d366467109747
SRC033_B0,SRC033,stage1_baseline,baseline,SRC033_B0,0,,510,1530,25400,/scratch/yiy/ulvz/SRC033_B0/DATABASES_MPI/,33,production_inputs/SRC033_B0,8975ba2e936963d6eb54506c35bc4c07a0eeb0b2a52907554c3714b93fdc78c2,a04e7ad9ef70c71fc065c1efc96debb5a0e557780773387f0b6c32b7a8bbaa9a,9c77668ad5b48343f80b4a18e54eb1eda8189b6dc545ff7e295424f02de82428,08eb49ee92c7297a30a31c019f788344e3b8b91c2acc059ad119f9e0f7e37891
SRC033_TRIULVZ,SRC033,stage2_multi,tri_ulvz,SRC033_B0,3,A:ULVZ049:family_interpolant;B:ULVZ084:family_interpolant;C:ULVZ148:survey_family_sample,510,1530,25400,/scratch/yiy/ulvz/SRC033_TRIULVZ/DATABASES_MPI/,83,production_inputs/SRC033_TRIULVZ,1b232e9cb998f483552970bc7f2760eb9e1748b55c19a73102d9884e8a42aeb0,a04e7ad9ef70c71fc065c1efc96debb5a0e557780773387f0b6c32b7a8bbaa9a,9c77668ad5b48343f80b4a18e54eb1eda8189b6dc545ff7e295424f02de82428,9d322c4125b352aeeda7069ac359c4f582f7aa761185e26d8f92e47988e7a49d
SRC034_B0,SRC034,stage1_baseline,baseline,SRC034_B0,0,,510,1530,25400,/scratch/yiy/ulvz/SRC034_B0/DATABASES_MPI/,34,production_inputs/SRC034_B0,1ddbba90a77d609bbbce64dc92f39e0f9f0d32ac2bcbe537385634e47eb8ce10,098293e02183808402334433e60117ac4fa4ac035b885bb6a9d758bc0a7273b5,9c77668ad5b48343f80b4a18e54eb1eda8189b6dc545ff7e295424f02de82428,08eb49ee92c7297a30a31c019f788344e3b8b91c2acc059ad119f9e0f7e37891
SRC034_TRIULVZ,SRC034,stage2_multi,tri_ulvz,SRC034_B0,3,A:ULVZ147:survey_family_sample;B:ULVZ076:family_interpolant;C:ULVZ128:survey_family_sample,510,1530,25400,/scratch/yiy/ulvz/SRC034_TRIULVZ/DATABASES_MPI/,84,production_inputs/SRC034_TRIULVZ,116aa7261267a0b6315522df7c1bd4b9a545955ee858facf50ed03cd49360a66,098293e02183808402334433e60117ac4fa4ac035b885bb6a9d758bc0a7273b5,9c77668ad5b48343f80b4a18e54eb1eda8189b6dc545ff7e295424f02de82428,f315350c3107f4ac6dc5bfa54b80120fdaf6c5984f741db272aa4988247265b1
SRC035_B0,SRC035,stage1_baseline,baseline,SRC035_B0,0,,510,1530,25400,/scratch/yiy/ulvz/SRC035_B0/DATABASES_MPI/,35,production_inputs/SRC035_B0,425456f5de18e54b1d7b4816fbf57186495ce8fbb57081e91408f4af664adcdb,763109dd586621d0e36bb12800c5d21373c434f22090f44cf471ed6ff477c972,9c77668ad5b48343f80b4a18e54eb1eda8189b6dc545ff7e295424f02de82428,08eb49ee92c7297a30a31c019f788344e3b8b91c2acc059ad119f9e0f7e37891
SRC035_TRIULVZ,SRC035,stage2_multi,tri_ulvz,SRC035_B0,3,A:ULVZ091:family_interpolant;B:ULVZ012:legacy_parameter_anchor;C:ULVZ149:survey_family_sample,510,1530,25400,/scratch/yiy/ulvz/SRC035_TRIULVZ/DATABASES_MPI/,85,production_inputs/SRC035_TRIULVZ,c30a7c56be48d9fbcec495a2afdd65809b0978bded4711c56cf0f0c7e3ae15c5,763109dd586621d0e36bb12800c5d21373c434f22090f44cf471ed6ff477c972,9c77668ad5b48343f80b4a18e54eb1eda8189b6dc545ff7e295424f02de82428,c731e3decca28e04127d38f59688de87791a7af0c4567cdfa31a26dfefdcbe0a
SRC036_B0,SRC036,stage1_baseline,baseline,SRC036_B0,0,,510,1530,25400,/scratch/yiy/ulvz/SRC036_B0/DATABASES_MPI/,36,production_inputs/SRC036_B0,20dd355440b3bad9872181f54aed3b431152fce1f1fc5cd49c4ec901aa42a56b,9ddbb5f819392dfef9b7aefc72534463b76d2f0f7689d5de88574deac37c57c1,9c77668ad5b48343f80b4a18e54eb1eda8189b6dc545ff7e295424f02de82428,08eb49ee92c7297a30a31c019f788344e3b8b91c2acc059ad119f9e0f7e37891
SRC036_TRIULVZ,SRC036,stage2_multi,tri_ulvz,SRC036_B0,3,A:ULVZ110:survey_family_sample;B:ULVZ024:legacy_parameter_anchor;C:ULVZ067:family_interpolant,510,1530,25400,/scratch/yiy/ulvz/SRC036_TRIULVZ/DATABASES_MPI/,86,production_inputs/SRC036_TRIULVZ,da7c6a4dcf4e003f9ee9ed49f13a748f63888468adfb05dca9ff844964ffdcd8,9ddbb5f819392dfef9b7aefc72534463b76d2f0f7689d5de88574deac37c57c1,9c77668ad5b48343f80b4a18e54eb1eda8189b6dc545ff7e295424f02de82428,53058113166673aa2e8dd59e1d1bb608e425428bcd62e51ef8fa0ce3fd8b81b1
SRC037_B0,SRC037,stage1_baseline,baseline,SRC037_B0,0,,510,1530,25400,/scratch/yiy/ulvz/SRC037_B0/DATABASES_MPI/,37,production_inputs/SRC037_B0,fe755200be45ad935a557c48112a35ceb4cf8863dbc0d20655f17d4db0f56007,ff00743ad34a9a38e90ef38eae0cc240bbe560a92e65d8220b02ee910aa808ef,9c77668ad5b48343f80b4a18e54eb1eda8189b6dc545ff7e295424f02de82428,08eb49ee92c7297a30a31c019f788344e3b8b91c2acc059ad119f9e0f7e37891
SRC037_TRIULVZ,SRC037,stage2_multi,tri_ulvz,SRC037_B0,3,A:ULVZ029:legacy_parameter_anchor;B:ULVZ006:legacy_parameter_anchor;C:ULVZ065:family_interpolant,510,1530,25400,/scratch/yiy/ulvz/SRC037_TRIULVZ/DATABASES_MPI/,87,production_inputs/SRC037_TRIULVZ,1cf85ee44ca5ba6c2f1280aa2230ad041e938feef88c4892b09f6dc14d9be172,ff00743ad34a9a38e90ef38eae0cc240bbe560a92e65d8220b02ee910aa808ef,9c77668ad5b48343f80b4a18e54eb1eda8189b6dc545ff7e295424f02de82428,bb64b75b55dc4bea8ae3c965115a8b9dcba8b37dad090d73e4bd931bfede10f2
SRC038_B0,SRC038,stage1_baseline,baseline,SRC038_B0,0,,510,1530,25400,/scratch/yiy/ulvz/SRC038_B0/DATABASES_MPI/,38,production_inputs/SRC038_B0,725bc97ba828dcaa28e8114316dbdfaa866a1305d15b2d81f2f50c702640a0e9,513cd87457411285ca4ca1efe161d22bd2c6f01c823665f1f9641c48cab1f7bd,9c77668ad5b48343f80b4a18e54eb1eda8189b6dc545ff7e295424f02de82428,08eb49ee92c7297a30a31c019f788344e3b8b91c2acc059ad119f9e0f7e37891
SRC038_TRIULVZ,SRC038,stage2_multi,tri_ulvz,SRC038_B0,3,A:ULVZ127:survey_family_sample;B:ULVZ073:family_interpolant;C:ULVZ103:survey_family_sample,510,1530,25400,/scratch/yiy/ulvz/SRC038_TRIULVZ/DATABASES_MPI/,88,production_inputs/SRC038_TRIULVZ,47904038dbf7e5c6b561f58a566d3dfa24202280b63c72bab12405c3c67c6c3d,513cd87457411285ca4ca1efe161d22bd2c6f01c823665f1f9641c48cab1f7bd,9c77668ad5b48343f80b4a18e54eb1eda8189b6dc545ff7e295424f02de82428,37b447a9a1910f2d79ea02802b6c407e9ebe9ef9b40c2ee1b3015ed9c65305b5
SRC039_B0,SRC039,stage1_baseline,baseline,SRC039_B0,0,,510,1530,25400,/scratch/yiy/ulvz/SRC039_B0/DATABASES_MPI/,39,production_inputs/SRC039_B0,4a3344db04bc09aa2e0522857cfb60220396289887eff81113ee193ddb476d2c,f979f7531d01fd401b8e2014576b6f84348fa2d6b1b64b4c92020492413acf54,9c77668ad5b48343f80b4a18e54eb1eda8189b6dc545ff7e295424f02de82428,08eb49ee92c7297a30a31c019f788344e3b8b91c2acc059ad119f9e0f7e37891
SRC039_TRIULVZ,SRC039,stage2_multi,tri_ulvz,SRC039_B0,3,A:ULVZ088:family_interpolant;B:ULVZ064:family_interpolant;C:ULVZ094:family_interpolant,510,1530,25400,/scratch/yiy/ulvz/SRC039_TRIULVZ/DATABASES_MPI/,89,production_inputs/SRC039_TRIULVZ,6350637dec1dd3666059f191f2f700a1b6df6c7fd8229ea3575fd9e5dca5c020,f979f7531d01fd401b8e2014576b6f84348fa2d6b1b64b4c92020492413acf54,9c77668ad5b48343f80b4a18e54eb1eda8189b6dc545ff7e295424f02de82428,be573081f33322319d68c88053e526fd6a9b687b5ee932d6209b56919b4c91ba
SRC040_B0,SRC040,stage1_baseline,baseline,SRC040_B0,0,,510,1530,25400,/scratch/yiy/ulvz/SRC040_B0/DATABASES_MPI/,40,production_inputs/SRC040_B0,3833080ff60f6b69069244b7c9329145dfcd92de3f59988f8524377f911aa3f2,ff9f10244b28d3fea5e22489396599e90b5691acf5f3b556c842c4267e2549fb,9c77668ad5b48343f80b4a18e54eb1eda8189b6dc545ff7e295424f02de82428,08eb49ee92c7297a30a31c019f788344e3b8b91c2acc059ad119f9e0f7e37891
SRC040_TRIULVZ,SRC040,stage2_multi,tri_ulvz,SRC040_B0,3,A:ULVZ097:family_interpolant;B:ULVZ126:survey_family_sample;C:ULVZ044:family_interpolant,510,1530,25400,/scratch/yiy/ulvz/SRC040_TRIULVZ/DATABASES_MPI/,90,production_inputs/SRC040_TRIULVZ,39fb5b3dbdc5287e19a7ed4cf50f0951e016de6640f966af5c9334ea02771620,ff9f10244b28d3fea5e22489396599e90b5691acf5f3b556c842c4267e2549fb,9c77668ad5b48343f80b4a18e54eb1eda8189b6dc545ff7e295424f02de82428,f6ab55695fed4448fc1747cf66916962d1072b40a23d937e3bf6baad99eaafe0
SRC041_B0,SRC041,stage1_baseline,baseline,SRC041_B0,0,,510,1530,25400,/scratch/yiy/ulvz/SRC041_B0/DATABASES_MPI/,41,production_inputs/SRC041_B0,527f722b6467db4ca53c8278cfd9186800db223594468af43b0b6bd7de524ca8,a320f6766e361e8a37e6cb6c4a2df25f8ef385f607ef541d78ed28b2a1bf6978,9c77668ad5b48343f80b4a18e54eb1eda8189b6dc545ff7e295424f02de82428,08eb49ee92c7297a30a31c019f788344e3b8b91c2acc059ad119f9e0f7e37891
SRC041_TRIULVZ,SRC041,stage2_multi,tri_ulvz,SRC041_B0,3,A:ULVZ092:family_interpolant;B:ULVZ087:family_interpolant;C:ULVZ037:family_interpolant,510,1530,25400,/scratch/yiy/ulvz/SRC041_TRIULVZ/DATABASES_MPI/,91,production_inputs/SRC041_TRIULVZ,97ecf37e54f0333e77c348cc7e90b501cda8e0e8ee4cd66b70669123372e36f2,a320f6766e361e8a37e6cb6c4a2df25f8ef385f607ef541d78ed28b2a1bf6978,9c77668ad5b48343f80b4a18e54eb1eda8189b6dc545ff7e295424f02de82428,5ec730784b03273f454a75d4b659bb2e565baed1c161bcdfb07567acb741aca5
SRC042_B0,SRC042,stage1_baseline,baseline,SRC042_B0,0,,510,1530,25400,/scratch/yiy/ulvz/SRC042_B0/DATABASES_MPI/,42,production_inputs/SRC042_B0,0175b05d7057ca99097cee6848019c6ec342daa2ededb3ebf78a75ef2befc874,dc8dd91ab2bd758d85d68ee743fcc354767ef2ca25b1c0ea46620e0a79766e96,9c77668ad5b48343f80b4a18e54eb1eda8189b6dc545ff7e295424f02de82428,08eb49ee92c7297a30a31c019f788344e3b8b91c2acc059ad119f9e0f7e37891
SRC042_TRIULVZ,SRC042,stage2_multi,tri_ulvz,SRC042_B0,3,A:ULVZ082:family_interpolant;B:ULVZ100:survey_family_sample;C:ULVZ145:survey_family_sample,510,1530,25400,/scratch/yiy/ulvz/SRC042_TRIULVZ/DATABASES_MPI/,92,production_inputs/SRC042_TRIULVZ,2742a62a10d52f58dcc851761193df16ca26510df14a61c28070a87735cc8558,dc8dd91ab2bd758d85d68ee743fcc354767ef2ca25b1c0ea46620e0a79766e96,9c77668ad5b48343f80b4a18e54eb1eda8189b6dc545ff7e295424f02de82428,6f06ba61d9255c59a332e05abf92ac74b09be7cd098e6325c30851dfa338388a
SRC043_B0,SRC043,stage1_baseline,baseline,SRC043_B0,0,,510,1530,25400,/scratch/yiy/ulvz/SRC043_B0/DATABASES_MPI/,43,production_inputs/SRC043_B0,03a9f0e2260f4cb787fb1664f397f2e149ebad0cd3c2d545e69bcfa1c0c96bb4,cc5b1e5df005b42c2d6ef7c62e9a147fe714e93cb0d511c37a0483ad71c87655,9c77668ad5b48343f80b4a18e54eb1eda8189b6dc545ff7e295424f02de82428,08eb49ee92c7297a30a31c019f788344e3b8b91c2acc059ad119f9e0f7e37891
SRC043_TRIULVZ,SRC043,stage2_multi,tri_ulvz,SRC043_B0,3,A:ULVZ144:survey_family_sample;B:ULVZ027:legacy_parameter_anchor;C:ULVZ048:family_interpolant,510,1530,25400,/scratch/yiy/ulvz/SRC043_TRIULVZ/DATABASES_MPI/,93,production_inputs/SRC043_TRIULVZ,4a41775fe54198c79b623c035bde356d136a6159a8cbc1f8c55584dc6b3dd2aa,cc5b1e5df005b42c2d6ef7c62e9a147fe714e93cb0d511c37a0483ad71c87655,9c77668ad5b48343f80b4a18e54eb1eda8189b6dc545ff7e295424f02de82428,9206e9f518b0fe896e4cd2cd365c2adc541ea8758fc16873779066b0664c46bd
SRC044_B0,SRC044,stage1_baseline,baseline,SRC044_B0,0,,510,1530,25400,/scratch/yiy/ulvz/SRC044_B0/DATABASES_MPI/,44,production_inputs/SRC044_B0,567199a0267d3da1ee4a627b3e224e906e63498aa9d978b3d33773f9162c3c26,3f84fc438a87fe05b9dad804079706ef58e882da16bd5413e4ba6a588ac1186d,9c77668ad5b48343f80b4a18e54eb1eda8189b6dc545ff7e295424f02de82428,08eb49ee92c7297a30a31c019f788344e3b8b91c2acc059ad119f9e0f7e37891
SRC044_TRIULVZ,SRC044,stage2_multi,tri_ulvz,SRC044_B0,3,A:ULVZ041:family_interpolant;B:ULVZ070:family_interpolant;C:ULVZ108:survey_family_sample,510,1530,25400,/scratch/yiy/ulvz/SRC044_TRIULVZ/DATABASES_MPI/,94,production_inputs/SRC044_TRIULVZ,393a5c2893c959c4947e97be19f5b8033751f2ece91ed4d79965d3132ef0634c,3f84fc438a87fe05b9dad804079706ef58e882da16bd5413e4ba6a588ac1186d,9c77668ad5b48343f80b4a18e54eb1eda8189b6dc545ff7e295424f02de82428,342d15031f66f005e9826667d09ab1c3d11f24aada2840da84c4b90305636f6e
SRC045_B0,SRC045,stage1_baseline,baseline,SRC045_B0,0,,510,1530,25400,/scratch/yiy/ulvz/SRC045_B0/DATABASES_MPI/,45,production_inputs/SRC045_B0,caa0922b9355d6f53f8fec4267c1ecc4b7805272cc2689d2105cc37137efb83d,ff28c890337b5b7761571c47df5604bdd35c556f993e2d99a90925c87d309111,9c77668ad5b48343f80b4a18e54eb1eda8189b6dc545ff7e295424f02de82428,08eb49ee92c7297a30a31c019f788344e3b8b91c2acc059ad119f9e0f7e37891
SRC045_TRIULVZ,SRC045,stage2_multi,tri_ulvz,SRC045_B0,3,A:ULVZ132:survey_family_sample;B:ULVZ102:survey_family_sample;C:ULVZ036:family_interpolant,510,1530,25400,/scratch/yiy/ulvz/SRC045_TRIULVZ/DATABASES_MPI/,95,production_inputs/SRC045_TRIULVZ,9906d87f0a99dfa3130be790a74b313288f64e1adc72a38166860a8c1bb75902,ff28c890337b5b7761571c47df5604bdd35c556f993e2d99a90925c87d309111,9c77668ad5b48343f80b4a18e54eb1eda8189b6dc545ff7e295424f02de82428,086f5cb701129dd17cba2716bc9555862c86992655a8f75bcda543b0aa9c2dc0
SRC046_B0,SRC046,stage1_baseline,baseline,SRC046_B0,0,,510,1530,25400,/scratch/yiy/ulvz/SRC046_B0/DATABASES_MPI/,46,production_inputs/SRC046_B0,1a8a31496f21075bd8c7a0233e1f62cd8dd1bd421b5033dd4ee22192478516b3,e701606c085e0c82daf88cd28bdd5653647d116823f21fc60c17516861da3991,9c77668ad5b48343f80b4a18e54eb1eda8189b6dc545ff7e295424f02de82428,08eb49ee92c7297a30a31c019f788344e3b8b91c2acc059ad119f9e0f7e37891
SRC046_TRIULVZ,SRC046,stage2_multi,tri_ulvz,SRC046_B0,3,A:ULVZ035:family_interpolant;B:ULVZ099:family_interpolant;C:ULVZ033:legacy_parameter_anchor,510,1530,25400,/scratch/yiy/ulvz/SRC046_TRIULVZ/DATABASES_MPI/,96,production_inputs/SRC046_TRIULVZ,96132b2c758c562a783b5dd1d8a0ce0cb40d1a470c69f427d294821521b772be,e701606c085e0c82daf88cd28bdd5653647d116823f21fc60c17516861da3991,9c77668ad5b48343f80b4a18e54eb1eda8189b6dc545ff7e295424f02de82428,478c32b6daa2e54716146243ee71ec18a972c3268e8e684ea39f373dfa500fef
SRC047_B0,SRC047,stage1_baseline,baseline,SRC047_B0,0,,510,1530,25400,/scratch/yiy/ulvz/SRC047_B0/DATABASES_MPI/,47,production_inputs/SRC047_B0,92aad26a52000c8f8d411558cd234b9443b6ca11362af16d168a8fa16de1bdfd,4ee27d03a4f66cefaed2b1821fae4e02ddf5c520d1dfa97d0cf23c453b6b0c8d,9c77668ad5b48343f80b4a18e54eb1eda8189b6dc545ff7e295424f02de82428,08eb49ee92c7297a30a31c019f788344e3b8b91c2acc059ad119f9e0f7e37891
SRC047_TRIULVZ,SRC047,stage2_multi,tri_ulvz,SRC047_B0,3,A:ULVZ143:survey_family_sample;B:ULVZ061:family_interpolant;C:ULVZ040:family_interpolant,510,1530,25400,/scratch/yiy/ulvz/SRC047_TRIULVZ/DATABASES_MPI/,97,production_inputs/SRC047_TRIULVZ,82b65acd9856ff241c3d8101e196df41d4731578274bbd7efdab1da057cc5fa9,4ee27d03a4f66cefaed2b1821fae4e02ddf5c520d1dfa97d0cf23c453b6b0c8d,9c77668ad5b48343f80b4a18e54eb1eda8189b6dc545ff7e295424f02de82428,dd8a33cd505eaee7a15a9c867184ac520653e14d7f3a43a87e71ce7457f9c397
SRC048_B0,SRC048,stage1_baseline,baseline,SRC048_B0,0,,510,1530,25400,/scratch/yiy/ulvz/SRC048_B0/DATABASES_MPI/,48,production_inputs/SRC048_B0,29e65b08ddbb7c76fafdb5e7f17033403d8825135b60b66a0c1e7be6c604dfa3,d1b77e19169fd5489bf3521e72ed6faf09df09f7a004f7ba440b1b245f3bf8a3,9c77668ad5b48343f80b4a18e54eb1eda8189b6dc545ff7e295424f02de82428,08eb49ee92c7297a30a31c019f788344e3b8b91c2acc059ad119f9e0f7e37891
SRC048_TRIULVZ,SRC048,stage2_multi,tri_ulvz,SRC048_B0,3,A:ULVZ053:family_interpolant;B:ULVZ002:legacy_parameter_anchor;C:ULVZ028:legacy_parameter_anchor,510,1530,25400,/scratch/yiy/ulvz/SRC048_TRIULVZ/DATABASES_MPI/,98,production_inputs/SRC048_TRIULVZ,19919e127e493cf50f7a6b7dd4e159beb3e7cadadb2698c25577001f862558fb,d1b77e19169fd5489bf3521e72ed6faf09df09f7a004f7ba440b1b245f3bf8a3,9c77668ad5b48343f80b4a18e54eb1eda8189b6dc545ff7e295424f02de82428,51e808e5f069c43e3eff1ed0917d35d62a7c4aa0ed226714bebd65d53737630d
SRC049_B0,SRC049,stage1_baseline,baseline,SRC049_B0,0,,510,1530,25400,/scratch/yiy/ulvz/SRC049_B0/DATABASES_MPI/,49,production_inputs/SRC049_B0,04d81e9fae77fba816adb40af136c086413a9f3c2915a87771f581bca2359ad8,74072ed148512476aadc9c233367047b8ab898a8af4a2b152f06c1144d6e2142,9c77668ad5b48343f80b4a18e54eb1eda8189b6dc545ff7e295424f02de82428,08eb49ee92c7297a30a31c019f788344e3b8b91c2acc059ad119f9e0f7e37891
SRC049_TRIULVZ,SRC049,stage2_multi,tri_ulvz,SRC049_B0,3,A:ULVZ058:family_interpolant;B:ULVZ133:survey_family_sample;C:ULVZ054:family_interpolant,510,1530,25400,/scratch/yiy/ulvz/SRC049_TRIULVZ/DATABASES_MPI/,99,production_inputs/SRC049_TRIULVZ,ca0d40ab4faa257e671478670be9692df116e787b14312a3bf7873c257a06c72,74072ed148512476aadc9c233367047b8ab898a8af4a2b152f06c1144d6e2142,9c77668ad5b48343f80b4a18e54eb1eda8189b6dc545ff7e295424f02de82428,49895f46a8f4f6863665b568d383bb1afec3bec37e3e951c8ead90e715f4ab4a
SRC050_B0,SRC050,stage1_baseline,baseline,SRC050_B0,0,,510,1530,25400,/scratch/yiy/ulvz/SRC050_B0/DATABASES_MPI/,50,production_inputs/SRC050_B0,1881f135a4c59227fc655af6062adfa5148d1f49c1cb3cbc0102bf81bb3bf6b7,5f88f688e9d00f9aae9262073b7b1537f66636993793db7903a16f315e3794d3,9c77668ad5b48343f80b4a18e54eb1eda8189b6dc545ff7e295424f02de82428,08eb49ee92c7297a30a31c019f788344e3b8b91c2acc059ad119f9e0f7e37891
SRC050_TRIULVZ,SRC050,stage2_multi,tri_ulvz,SRC050_B0,3,A:ULVZ010:legacy_parameter_anchor;B:ULVZ142:survey_family_sample;C:ULVZ150:survey_family_sample,510,1530,25400,/scratch/yiy/ulvz/SRC050_TRIULVZ/DATABASES_MPI/,100,production_inputs/SRC050_TRIULVZ,0d2dce495184011f8367ee36cc362a61644e8b41797117a3497bd3e8f487b25f,5f88f688e9d00f9aae9262073b7b1537f66636993793db7903a16f315e3794d3,9c77668ad5b48343f80b4a18e54eb1eda8189b6dc545ff7e295424f02de82428,3ee93900e3ea7ab94b770d58389230b5c29be5bb25f5e3980b46e123892612ef
