event_id,depth_bin_km,mechanism_class,candidate_quantile_index,radiation_score,selection_rank,selected,A_P_rms_proxy,A_P_near_node_fraction,A_S_rms_proxy,A_S_near_node_fraction,B_P_rms_proxy,B_P_near_node_fraction,B_S_rms_proxy,B_S_near_node_fraction,C_P_rms_proxy,C_P_near_node_fraction,C_S_rms_proxy,C_S_near_node_fraction
C202011070927A,0-70,strike_slip,1258,4.07950786,1,true,0.77731309,0.00000000,0.87025864,0.00000000,0.18859732,0.11764706,1.03096175,0.00000000,0.40371120,0.00000000,1.04395998,0.00000000
C012795G,0-70,strike_slip,419,2.76331345,2,true,0.11177928,0.00000000,0.79403013,0.00000000,0.57456130,0.00000000,0.59089639,0.00000000,0.26629882,0.00000000,0.42574753,0.00000000
C202006181249A,0-70,strike_slip,1194,2.55254679,3,true,0.15779971,0.00000000,0.75050658,0.00000000,0.18655756,0.00000000,0.30479076,0.00000000,0.61248066,0.00000000,0.54041151,0.00000000
C050197D,0-70,strike_slip,484,1.56167165,4,true,0.16566441,0.00000000,0.28593759,0.00000000,0.14692476,0.00000000,0.21947592,0.00000000,0.19054648,0.00000000,0.55312249,0.00000000
C071902C,0-70,strike_slip,548,1.42434269,5,true,0.37438519,0.00000000,0.47447767,0.00000000,0.07764990,0.05882353,0.15047076,0.00000000,0.09302620,0.10588235,0.58374472,0.00000000
C201406231921A,0-70,strike_slip,96,1.06423639,6,true,0.05409758,0.65294118,0.78568514,0.00000000,0.49897714,0.00000000,0.67600749,0.00000000,0.08065214,0.22941176,0.73352279,0.00000000
C100302C,0-70,strike_slip,613,0.95226315,7,true,0.12779650,0.00000000,0.40614408,0.00000000,0.06280395,0.11764706,0.18232313,0.00000000,0.11798420,0.00000000,0.29050541,0.00000000
C022395C,0-70,strike_slip,1129,0.84853297,8,true,0.05468995,0.70588235,0.52744338,0.00000000,0.54949398,0.00000000,0.47792901,0.00000000,0.13925681,0.05882353,0.62913160,0.00000000
C010900D,0-70,strike_slip,871,0.25280615,9,true,0.13234650,0.00000000,0.38123352,0.00000000,0.08289910,0.00000000,0.27680985,0.00000000,0.05146876,0.44705882,0.22216607,0.00000000
C201602171726A,0-70,strike_slip,742,0.13527182,10,true,0.17666313,0.00000000,0.50062664,0.00000000,0.05178673,0.17647059,0.06907030,0.47058824,0.21784396,0.00000000,0.41339870,0.00000000
C202009261710A,0-70,strike_slip,161,-0.39410393,11,true,0.32435011,0.00000000,0.29483138,0.00000000,0.24878636,0.00000000,0.15590325,0.00000000,0.01093586,1.00000000,0.57108910,0.00000000
C200605262253A,0-70,strike_slip,1000,-0.71564851,12,true,0.12556701,0.00000000,0.41792992,0.00000000,0.16397657,0.00000000,0.34414763,0.00000000,0.04344110,0.96470588,0.11870103,0.00000000
C202503211450A,0-70,strike_slip,806,-0.77939051,13,true,0.03564844,1.00000000,0.14700833,0.00000000,0.12535130,0.00000000,0.33458589,0.00000000,0.16033291,0.00000000,0.41768262,0.00000000
C200508090526A,0-70,strike_slip,677,-0.95247693,14,true,0.07805533,0.05294118,0.29466836,0.00000000,0.03122538,1.00000000,0.20403803,0.00000000,0.15943434,0.00000000,0.38598399,0.00000000
C100701B,0-70,strike_slip,1065,-0.97191507,15,true,0.14099764,0.00000000,0.42655800,0.00000000,0.22714739,0.00000000,0.44877339,0.00000000,0.02292665,1.00000000,0.09109362,0.16470588
C201912061304A,0-70,strike_slip,290,-1.01721306,16,false,0.13120667,0.00000000,0.35102433,0.00000000,0.01024459,1.00000000,0.11228478,0.00000000,0.07270979,0.00000000,0.30531679,0.00000000
C202504160142A,0-70,strike_slip,225,-1.07383039,17,false,0.08267220,0.00000000,0.30544337,0.00000000,0.01141167,1.00000000,0.13390457,0.00000000,0.09514018,0.00000000,0.29759762,0.00000000
C200503261540A,0-70,strike_slip,935,-1.25586828,18,false,0.05896086,0.16470588,0.27198271,0.00000000,0.08946787,0.05882353,0.33061304,0.00000000,0.02609084,0.92941176,0.27289875,0.00000000
C200701200621A,0-70,strike_slip,32,-2.26973061,19,false,0.14047365,0.00000000,0.41203785,0.00000000,0.14846459,0.00000000,0.38465380,0.00000000,0.01777287,1.00000000,0.05039604,0.71176471
C201509130814A,0-70,strike_slip,355,-3.00048865,20,false,0.05855129,0.10588235,0.25289607,0.00000000,0.02520294,0.99411765,0.23101394,0.00000000,0.04006507,0.82352941,0.23884086,0.00000000
C200809101100A,0-70,thrust,39,4.29625274,1,true,1.01819196,0.00000000,0.48310971,0.00000000,0.58165656,0.00000000,0.74955365,0.00000000,0.84441061,0.00000000,0.61933026,0.00000000
C030502H,0-70,thrust,914,4.18995083,2,true,0.15158891,0.00000000,0.99114220,0.00000000,0.57188452,0.00000000,0.82693988,0.00000000,1.10091858,0.00000000,0.54747674,0.00000000
C020890A,0-70,thrust,437,4.10620379,3,true,0.96671774,0.00000000,0.42955034,0.00000000,0.68367654,0.00000000,0.62106847,0.00000000,0.88044949,0.00000000,0.52474120,0.00000000
C201412072116A,0-70,thrust,834,4.09495377,4,true,0.29035422,0.00000000,0.87187219,0.00000000,0.36769755,0.00000000,0.98912223,0.00000000,1.12936775,0.00000000,0.44653984,0.00000000
C030296A,0-70,thrust,1152,4.04850805,5,true,0.91364957,0.00000000,0.38766961,0.00000000,0.81677366,0.00000000,0.59833300,0.00000000,0.77709013,0.00000000,0.55499209,0.00000000
C201304201312A,0-70,thrust,755,4.02863516,6,true,0.94554218,0.00000000,0.44235206,0.00000000,0.50291397,0.00000000,0.67473749,0.00000000,0.76077864,0.00000000,0.70231081,0.00000000
C042194B,0-70,thrust,1391,4.02686907,7,true,0.84554718,0.00000000,0.52430419,0.00000000,0.82675397,0.00000000,0.58035078,0.00000000,0.81287165,0.00000000,0.43704130,0.00000000
C200701310315A,0-70,thrust,1550,3.99754768,8,true,0.97105370,0.00000000,0.29958095,0.00000000,0.64514931,0.00000000,0.65058844,0.00000000,0.68711114,0.00000000,0.74406414,0.00000000
C202409012013A,0-70,thrust,1470,3.99092294,9,true,0.70781739,0.00000000,0.59214554,0.00000000,0.74601976,0.00000000,0.67083822,0.00000000,0.99640183,0.00000000,0.27770020,0.00000000
C032899F,0-70,thrust,278,3.98191793,10,true,0.13049582,0.19411765,1.12182770,0.00000000,0.26793343,0.00000000,1.15617531,0.00000000,0.79675748,0.00000000,0.89696348,0.00000000
C110492C,0-70,thrust,357,3.88151709,11,true,0.85082999,0.00000000,0.50424439,0.00000000,0.85936117,0.00000000,0.50001077,0.00000000,0.62411534,0.00000000,0.54295543,0.00000000
C202109211314A,0-70,thrust,119,3.82684906,12,true,0.10378206,0.00000000,0.98425889,0.00000000,0.74125814,0.00000000,0.67013805,0.00000000,0.61655433,0.00000000,0.71085759,0.00000000
C100602F,0-70,thrust,596,3.81287144,13,true,0.53880657,0.00000000,0.72973724,0.00000000,0.95838896,0.00000000,0.32158542,0.00000000,0.29238290,0.00000000,0.97197035,0.00000000
C201306151734A,0-70,thrust,1232,3.67240613,14,true,0.63825443,0.00000000,0.60143493,0.00000000,0.60694320,0.00000000,0.80622437,0.00000000,1.05643565,0.00000000,0.18664297,0.11176471
C113095E,0-70,thrust,675,3.42260744,15,true,0.83135658,0.00000000,0.66040383,0.00000000,0.08104515,0.21176471,0.86560830,0.00000000,0.51143728,0.00000000,0.89628571,0.00000000
C100994B,0-70,thrust,1073,3.37072103,16,true,0.67765543,0.00000000,0.61770031,0.00000000,0.15566063,0.00000000,0.66947532,0.00000000,0.67797601,0.00000000,0.57225334,0.00000000
C201904091754A,0-70,thrust,1311,3.20250193,17,true,0.85079959,0.00000000,0.26911295,0.00000000,0.59700987,0.00000000,0.42893999,0.00000000,0.30732782,0.00000000,0.74931171,0.00000000
C200512210709A,0-70,thrust,993,2.63658993,18,true,0.37396391,0.00000000,0.40559278,0.00000000,0.73445390,0.00000000,0.18798467,0.00000000,0.32342801,0.00000000,0.61116665,0.00000000
C201502162200A,0-70,thrust,198,2.05310356,19,true,0.21345687,0.00000000,0.37863115,0.00000000,0.19819256,0.00000000,0.47293319,0.00000000,0.48981813,0.00000000,0.30007166,0.00000000
C033103A,0-70,thrust,516,1.73054487,20,false,0.59871197,0.00000000,0.07893615,0.28823529,0.48781416,0.00000000,0.29815505,0.00000000,0.45170666,0.00000000,0.39169147,0.00000000
C052792A,0-70,normal,326,3.99281671,1,true,0.99188945,0.00000000,0.22243507,0.00000000,0.73121542,0.00000000,0.70899850,0.00000000,0.76765986,0.00000000,0.57061842,0.00000000
C032298B,0-70,normal,213,3.91139294,2,true,0.74601236,0.00000000,0.69186465,0.00000000,0.91132798,0.00000000,0.36574119,0.00000000,0.96239913,0.00000000,0.23404763,0.00000000
C061495B,0-70,normal,236,3.90183844,3,true,0.86755805,0.00000000,0.48811066,0.00000000,0.87475983,0.00000000,0.44807947,0.00000000,0.69807224,0.00000000,0.52525820,0.00000000
C200504072004A,0-70,normal,11,3.89060969,4,true,0.92063184,0.00000000,0.41156315,0.00000000,0.91625555,0.00000000,0.38963371,0.00000000,0.91171919,0.00000000,0.34080625,0.00000000
C071104C,0-70,normal,168,3.84400990,5,true,0.88361631,0.00000000,0.47881837,0.00000000,0.90804358,0.00000000,0.37581987,0.00000000,0.95835369,0.00000000,0.23935808,0.00000000
B122000C,0-70,normal,191,3.84326404,6,false,0.74889007,0.00000000,0.66977747,0.00000000,0.82874398,0.00000000,0.37143820,0.00000000,0.94995977,0.00000000,0.27445455,0.00000000
C201608240136A,0-70,normal,78,3.83548753,7,false,0.88487688,0.00000000,0.45212635,0.00000000,0.92467087,0.00000000,0.36281997,0.00000000,0.81548950,0.00000000,0.39550395,0.00000000
C202102180637A,0-70,normal,101,3.81752688,8,false,0.36877519,0.00000000,0.84428904,0.00000000,0.58001512,0.00000000,0.65217692,0.00000000,0.91676168,0.00000000,0.45550893,0.00000000
C201410140351A,0-70,normal,393,3.80547243,9,false,0.81620871,0.00000000,0.63723389,0.00000000,0.75986339,0.00000000,0.59160328,0.00000000,0.23696373,0.00000000,0.76359944,0.00000000
C201711200009A,0-70,normal,348,3.71392489,10,false,0.63231323,0.00000000,0.70830449,0.00000000,0.86492346,0.00000000,0.32637186,0.00000000,0.89091098,0.00000000,0.29110086,0.00000000
C201204021736A,0-70,normal,56,3.70229531,11,false,0.83693825,0.00000000,0.42030640,0.00000000,0.95642135,0.00000000,0.11361750,0.00000000,0.67472315,0.00000000,0.70028866,0.00000000
C091192B,0-70,normal,258,3.61067810,12,false,0.86884467,0.00000000,0.23353353,0.00000000,0.73918707,0.00000000,0.51470332,0.00000000,0.31563621,0.00000000,0.93877330,0.00000000
C200806281254A,0-70,normal,33,3.60957323,13,false,0.42707872,0.00000000,0.83317787,0.00000000,0.86333265,0.00000000,0.37540545,0.00000000,0.75859210,0.00000000,0.35198644,0.00000000
C202108161110A,0-70,normal,281,3.60883406,14,false,0.59466066,0.00000000,0.66360759,0.00000000,0.95651243,0.00000000,0.25415265,0.00000000,0.54893021,0.00000000,0.59097051,0.00000000
C200804282026A,0-70,normal,303,3.56708966,15,false,0.98969056,0.00000000,0.14990816,0.07647059,0.62962285,0.00000000,0.77257600,0.00000000,0.72054214,0.00000000,0.45769112,0.00000000
C200506041450A,0-70,normal,371,3.51546411,16,false,0.39365310,0.00000000,0.73187705,0.00000000,0.35174757,0.00000000,0.76487398,0.00000000,0.50263558,0.00000000,0.77067682,0.00000000
C201101091003A,0-70,normal,146,3.36879274,17,false,0.94743355,0.00000000,0.16487646,0.11764706,0.78718280,0.00000000,0.46754439,0.00000000,0.72864485,0.00000000,0.50840480,0.00000000
C202105310659A,0-70,normal,438,3.30326567,18,false,0.42741984,0.00000000,0.55263487,0.00000000,0.92681461,0.00000000,0.26264616,0.00000000,0.39526730,0.00000000,0.73848289,0.00000000
C112900B,0-70,normal,416,3.00363551,19,false,0.41116170,0.00000000,0.64656709,0.00000000,0.12417341,0.00000000,0.64732611,0.00000000,0.57072827,0.00000000,0.60367892,0.00000000
C202508011820A,0-70,normal,123,2.61126569,20,false,0.82960862,0.00000000,0.41392305,0.00000000,0.98207248,0.00000000,0.08369475,0.51764706,0.76935682,0.00000000,0.56790409,0.00000000
C051200D,70-150,strike_slip,67,4.70505590,1,true,0.79435390,0.00000000,0.97236501,0.00000000,0.38307249,0.00000000,0.98478839,0.00000000,0.48783577,0.00000000,1.08264034,0.00000000
C200504111708A,70-150,strike_slip,17,3.19680623,2,true,0.15836538,0.00588235,0.77036661,0.00000000,0.90366247,0.00000000,0.51668043,0.00000000,0.16254778,0.00000000,0.69694826,0.00000000
C072895B,70-150,strike_slip,110,3.17337441,3,false,0.26366457,0.00000000,0.72688933,0.00000000,0.21440036,0.05882353,0.74052015,0.00000000,0.61241429,0.00000000,0.73313278,0.00000000
C201507290235A,70-150,strike_slip,117,3.00255350,4,false,0.59714969,0.00000000,0.45726185,0.00000000,0.15648035,0.00000000,0.94314058,0.00000000,0.54819458,0.00000000,0.30032644,0.00000000
B050990A,70-150,strike_slip,74,2.92587947,5,false,0.69390054,0.00000000,0.75204877,0.00000000,0.10008880,0.16470588,0.65577121,0.00000000,0.25816906,0.00000000,0.79531286,0.00000000
C072801A,70-150,strike_slip,138,2.90916768,6,false,0.63885747,0.00000000,0.53466168,0.00000000,0.16681532,0.00000000,0.86363934,0.00000000,0.39720578,0.00000000,0.30798809,0.00000000
C201612292230A,70-150,strike_slip,53,2.82618912,7,false,0.17760202,0.00000000,0.76410983,0.00000000,0.21159922,0.00000000,0.42780455,0.00000000,0.65893590,0.00000000,0.58613759,0.00000000
C201007210916A,70-150,strike_slip,102,2.68357851,8,false,0.19439815,0.00000000,0.82991293,0.00000000,0.31798218,0.00000000,0.28710006,0.00000000,0.58611081,0.00000000,0.46807438,0.00000000
C200808300654A,70-150,strike_slip,39,2.38817004,9,false,0.19141891,0.00000000,0.68576465,0.00000000,0.54323368,0.00000000,0.54371679,0.00000000,0.14983114,0.00000000,0.27420487,0.00000000
C200703080503A,70-150,strike_slip,124,2.20997374,10,false,0.17816178,0.00000000,0.31891248,0.00000000,0.24674401,0.00000000,0.41102125,0.00000000,0.38435655,0.00000000,0.67077766,0.00000000
C202511271711A,70-150,strike_slip,10,2.08121270,11,false,0.32675641,0.00000000,0.49550541,0.00000000,0.32803321,0.00000000,0.63983816,0.00000000,0.10953949,0.00000000,0.18154001,0.00000000
C202305211545A,70-150,strike_slip,3,1.76602553,12,false,0.17682337,0.00000000,0.21638024,0.00000000,0.06760526,0.16470588,0.65291936,0.00000000,0.55085588,0.00000000,0.43085319,0.00000000
C202312201211A,70-150,strike_slip,88,1.70290313,13,false,0.16986025,0.00000000,0.52164096,0.00000000,0.08678563,0.00000000,0.15656289,0.05882353,0.38307426,0.00000000,0.50262619,0.00000000
C201405010636A,70-150,strike_slip,95,1.56853913,14,false,0.05281401,0.64705882,0.49832488,0.00000000,0.31836359,0.00000000,0.70844538,0.00000000,0.57564246,0.00000000,0.70906646,0.00000000
C201403131706A,70-150,strike_slip,31,1.29441950,15,false,0.09779942,0.16470588,0.62989699,0.00000000,0.67616769,0.00000000,0.57921322,0.00000000,0.07448381,0.52352941,0.61332895,0.00000000
C201103061432A,70-150,strike_slip,60,1.18426769,16,false,0.15609955,0.11764706,0.77033813,0.00000000,0.04389080,0.76470588,0.65922979,0.00000000,0.78469365,0.00000000,0.53472165,0.00000000
C010198B,70-150,strike_slip,46,0.03292320,17,false,0.08455546,0.11764706,0.52913841,0.00000000,0.02990121,0.92941176,0.36914472,0.00000000,0.54119623,0.00000000,0.57310481,0.00000000
C201407081256A,70-150,strike_slip,81,-0.19687890,18,false,0.01860027,0.95294118,0.51322409,0.00000000,0.21399950,0.00000000,0.19683532,0.00000000,0.43681203,0.00000000,0.32953224,0.00000000
C040300D,70-150,strike_slip,131,-0.26465248,19,false,0.14137957,0.00000000,0.43025128,0.00000000,0.21963868,0.00000000,0.38678299,0.00000000,0.03974980,0.82352941,0.16460402,0.00000000
C202012101319A,70-150,strike_slip,24,-0.33182089,20,false,0.04413849,0.72941176,0.61239040,0.00000000,0.72636408,0.00000000,0.60813150,0.00000000,0.05729027,0.77058824,0.61986437,0.00000000
C013191B,70-150,thrust,76,4.73828055,1,true,0.80929875,0.00000000,0.96887849,0.00000000,0.24892489,0.00000000,1.11028597,0.00000000,0.75358169,0.00000000,0.84731077,0.00000000
C202408252329A,70-150,thrust,36,4.71410859,2,false,0.62792922,0.00000000,1.06807390,0.00000000,0.68915986,0.00000000,1.02600221,0.00000000,0.32300598,0.05882353,1.09758447,0.00000000
C102900C,70-150,thrust,25,3.99233525,3,false,0.95282826,0.00000000,0.48176421,0.00000000,0.70198390,0.00000000,0.76592508,0.00000000,0.38507046,0.00000000,0.70476335,0.00000000
C200604300817A,70-150,thrust,87,3.92403429,4,false,0.73232226,0.00000000,0.66883475,0.00000000,0.95305039,0.00000000,0.30506266,0.00000000,0.72972226,0.00000000,0.53504197,0.00000000
C202201030209A,70-150,thrust,70,3.81502038,5,false,0.47711308,0.00000000,0.88178348,0.00000000,0.85308855,0.00000000,0.38837271,0.00000000,0.96576980,0.00000000,0.24889276,0.00000000
B080492E,70-150,thrust,31,3.73433261,6,false,0.13651515,0.00000000,0.99440825,0.00000000,0.78336193,0.00000000,0.50837343,0.00000000,0.87976081,0.00000000,0.43191304,0.00000000
C202309281440A,70-150,thrust,93,3.52645665,7,false,0.39233357,0.00000000,0.89873478,0.00000000,0.99627170,0.00000000,0.21668314,0.10588235,0.75506002,0.00000000,0.47913813,0.00000000
C202107232048A,70-150,thrust,64,3.49402430,8,false,0.47273315,0.00000000,0.59408960,0.00000000,0.48475089,0.00000000,0.73224943,0.00000000,0.96916767,0.00000000,0.24103357,0.00000000
C202005061353A,70-150,thrust,53,3.29726979,9,false,0.53080534,0.00000000,0.45512685,0.00000000,0.16836079,0.00000000,0.95184881,0.00000000,0.91933577,0.00000000,0.27179222,0.00000000
C202505031251A,70-150,thrust,59,3.27893305,10,false,0.59444944,0.00000000,0.44039523,0.00000000,0.86716223,0.00000000,0.34110183,0.00000000,0.17109634,0.00000000,0.86472798,0.00000000
C012504B,70-150,thrust,104,2.89046894,11,false,0.34678740,0.00000000,0.45845779,0.00000000,0.81926264,0.00000000,0.32786559,0.00000000,0.15066569,0.00000000,0.78742982,0.00000000
C201908241551A,70-150,thrust,81,2.83247982,12,false,0.22594024,0.00000000,0.62086876,0.00000000,0.46565277,0.00000000,0.55090333,0.00000000,0.30562534,0.00000000,0.66348939,0.00000000
B100400E,70-150,thrust,48,2.74638083,13,false,0.64994245,0.00000000,0.33383352,0.00000000,0.76282492,0.00000000,0.16269149,0.10588235,0.16328425,0.00000000,0.88556890,0.00000000
C200912260857A,70-150,thrust,8,2.59386073,14,false,0.75176678,0.00000000,0.51586267,0.00000000,0.05761806,0.25882353,0.91120279,0.00000000,0.50479597,0.00000000,0.37026152,0.00000000
C053190A,70-150,thrust,19,2.58122562,15,false,0.56700947,0.00000000,0.22402133,0.00000000,0.47961787,0.00000000,0.45444523,0.00000000,0.55713782,0.00000000,0.29899390,0.00000000
C201102041353A,70-150,thrust,42,2.27614161,16,false,0.65651441,0.00000000,0.17218986,0.12352941,0.19136126,0.00000000,0.76143897,0.00000000,0.58676077,0.00000000,0.15493518,0.00000000
C201009040852A,70-150,thrust,14,2.19636800,17,false,0.04511349,0.84705882,1.07113318,0.00000000,0.69974414,0.00000000,0.58261807,0.00000000,0.88856430,0.00000000,0.60331246,0.00000000
C120799F,70-150,thrust,110,1.54107115,18,false,0.33860003,0.00000000,0.13037141,0.00000000,0.26152263,0.00000000,0.31045851,0.00000000,0.35698547,0.00000000,0.14313311,0.00000000
C202401082048A,70-150,thrust,2,1.30654937,19,false,0.22095020,0.00000000,0.69568735,0.00000000,0.42031771,0.00000000,0.42837593,0.00000000,0.68702198,0.00000000,0.06596092,0.60588235
C201412062205A,70-150,thrust,98,0.35697631,20,false,0.11332912,0.17647059,0.61883572,0.00000000,0.54648277,0.00000000,0.35881492,0.00000000,0.04683707,0.74705882,0.51973554,0.00000000
C201506101352A,70-150,normal,95,4.05419549,1,true,0.98525936,0.00000000,0.36677596,0.00000000,0.73879633,0.00000000,0.72381176,0.00000000,0.70429795,0.00000000,0.53525414,0.00000000
C202503061621A,70-150,normal,51,3.92131934,2,false,0.83163962,0.00000000,0.47844649,0.00000000,0.54884739,0.00000000,0.72509830,0.00000000,0.90015041,0.00000000,0.43713713,0.00000000
C201408242321A,70-150,normal,12,3.88777139,3,false,0.68634357,0.00000000,0.73014631,0.00000000,0.77032921,0.00000000,0.44953328,0.00000000,0.94941776,0.00000000,0.30200126,0.00000000
C100201B,70-150,normal,36,3.81207952,4,false,0.42123465,0.00000000,0.89946025,0.00000000,0.82118752,0.00000000,0.42809329,0.00000000,0.97811978,0.00000000,0.26398403,0.00000000
C200806031620A,70-150,normal,17,3.78645988,5,false,0.53955867,0.00000000,0.77404053,0.00000000,0.93452157,0.00000000,0.28207173,0.00000000,0.80458780,0.00000000,0.45167958,0.00000000
C202101080501A,70-150,normal,75,3.77320391,6,false,0.27203938,0.00000000,0.97142637,0.00000000,0.88675243,0.00000000,0.38651060,0.00000000,0.87284732,0.00000000,0.38362782,0.00000000
C202407190150A,70-150,normal,85,3.75653259,7,false,1.00043267,0.00000000,0.18207230,0.00588235,0.47905073,0.00000000,0.90228578,0.00000000,0.39562877,0.00000000,0.80882704,0.00000000
C201801210106A,70-150,normal,80,3.68267416,8,false,0.94893857,0.00000000,0.23730008,0.00000000,0.26892137,0.00000000,0.86763257,0.00000000,0.51371140,0.00000000,0.84617016,0.00000000
C200803242039A,70-150,normal,71,3.63542060,9,false,0.82693812,0.00000000,0.44509427,0.00000000,0.20411654,0.00000000,0.76549822,0.00000000,0.64616999,0.00000000,0.74760347,0.00000000
C201812160942A,70-150,normal,2,3.60923358,10,false,0.11799639,0.19411765,0.97619865,0.00000000,0.23983544,0.05882353,1.06384737,0.00000000,1.10748028,0.00000000,0.60975780,0.00000000
C202012061647A,70-150,normal,46,3.60598060,11,false,0.85433447,0.00000000,0.38411821,0.00000000,0.14002351,0.00588235,0.85647108,0.00000000,0.58939337,0.00000000,0.79340467,0.00000000
C201611041620A,70-150,normal,22,3.58012200,12,false,0.69802628,0.00000000,0.51722968,0.00000000,0.78547851,0.00000000,0.62700658,0.00000000,0.12575991,0.00000000,0.82662105,0.00000000
C202506061715A,70-150,normal,7,3.50615355,13,false,0.84841023,0.00000000,0.23404759,0.00000000,0.54896767,0.00000000,0.71237974,0.00000000,0.76992740,0.00000000,0.39242092,0.00000000
C201609101008A,70-150,normal,61,3.49053686,14,false,0.46327665,0.00000000,0.82981184,0.00000000,0.67173947,0.00000000,0.55531569,0.00000000,1.02587049,0.00000000,0.14452272,0.10000000
C201710100632A,70-150,normal,31,3.29661919,15,false,0.67027498,0.00000000,0.60266364,0.00000000,0.45247954,0.00000000,0.79372949,0.00000000,0.12248828,0.04705882,0.74910091,0.00000000
C201203212215A,70-150,normal,66,3.20356689,16,false,0.90612686,0.00000000,0.19609531,0.00000000,0.27918600,0.00000000,0.85179014,0.00000000,0.52672170,0.00000000,0.44364687,0.00000000
C202207271858A,70-150,normal,56,2.96407917,17,false,0.42943768,0.00000000,0.66159232,0.00000000,0.17229701,0.00000000,0.56836145,0.00000000,0.72852610,0.00000000,0.40386462,0.00000000
C202206042338A,70-150,normal,26,2.91346845,18,false,0.14479500,0.01764706,0.82440878,0.00000000,0.28790705,0.00000000,0.52887539,0.00000000,0.82175679,0.00000000,0.34101954,0.00000000
C201503230451A,70-150,normal,90,2.15301373,19,false,0.09592638,0.11764706,0.67183373,0.00000000,0.30892700,0.00000000,0.49084658,0.00000000,0.53077081,0.00000000,0.29000336,0.00000000
C201102121757A,70-150,normal,41,1.42417283,20,false,0.49687019,0.00000000,0.43169282,0.00000000,0.83018468,0.00000000,0.36161140,0.00000000,0.03429299,0.85882353,0.98716781,0.00000000
C201405042018A,150-300,strike_slip,33,4.21269752,1,true,0.36352899,0.00000000,1.06077585,0.00000000,0.77067582,0.00000000,0.74335075,0.00000000,0.44298632,0.00000000,0.83137979,0.00000000
C200904210526A,150-300,strike_slip,2,3.52422116,2,false,0.52614876,0.00000000,0.83556184,0.00000000,0.15329141,0.11764706,0.81410867,0.00000000,0.57098989,0.00000000,0.85941470,0.00000000
C201402262113B,150-300,strike_slip,94,3.28131218,3,false,0.72829655,0.00000000,0.77700896,0.00000000,0.11930585,0.22352941,0.77886680,0.00000000,0.46031493,0.00000000,0.86457792,0.00000000
C123090D,150-300,strike_slip,63,3.25628793,4,false,0.64525632,0.00000000,0.54135838,0.00000000,0.31955143,0.00000000,0.54322197,0.00000000,0.28964131,0.00000000,0.91725852,0.00000000
C012397B,150-300,strike_slip,99,3.22281821,5,false,0.15610122,0.11764706,0.80782337,0.00000000,0.57167577,0.00000000,0.70637688,0.00000000,0.48179892,0.00000000,0.73433617,0.00000000
C200812091728A,150-300,strike_slip,84,3.21407825,6,false,0.86864670,0.00000000,0.51986119,0.00000000,0.16482403,0.05882353,0.94335784,0.00000000,0.23376418,0.00000000,0.60127138,0.00000000
C072703A,150-300,strike_slip,73,3.19197203,7,false,0.47859308,0.00000000,0.75112965,0.00000000,0.16153693,0.11764706,0.70296534,0.00000000,0.52705140,0.00000000,0.80598975,0.00000000
C200601151158A,150-300,strike_slip,89,2.99015763,8,false,0.62452032,0.00000000,0.52517418,0.00000000,0.33143557,0.00000000,0.83168661,0.00000000,0.25163517,0.00000000,0.42570579,0.00000000
C200510151551A,150-300,strike_slip,58,2.98406273,9,false,0.58094780,0.00000000,0.79426252,0.00000000,0.45193626,0.00000000,0.79301150,0.00000000,0.10664371,0.23529412,0.72784917,0.00000000
C202306151806A,150-300,strike_slip,48,2.92428463,10,false,0.29465857,0.00000000,0.74446840,0.00000000,0.46502371,0.00000000,0.48594771,0.00000000,0.34111986,0.00000000,0.59306639,0.00000000
C122798A,150-300,strike_slip,22,2.70304160,11,false,0.26732105,0.00000000,0.49527520,0.00000000,0.51654729,0.00000000,0.45964499,0.00000000,0.23967983,0.00000000,0.72457325,0.00000000
C201502021049A,150-300,strike_slip,43,2.64676473,12,false,0.51157810,0.00000000,0.62203687,0.00000000,0.14196197,0.17647059,0.71777143,0.00000000,0.31834838,0.00000000,0.68800917,0.00000000
C201912201139A,150-300,strike_slip,68,2.62158460,13,false,0.08163850,0.10588235,0.90982354,0.00000000,0.67495893,0.00000000,0.34240293,0.00000000,0.49947941,0.00000000,0.32504600,0.00000000
B061593C,150-300,strike_slip,79,2.44364590,14,false,0.36641829,0.00000000,0.36145438,0.00000000,0.33150897,0.00000000,0.77357476,0.00000000,0.34110091,0.00000000,0.26958859,0.00000000
B112094L,150-300,strike_slip,28,2.35338506,15,false,0.79355122,0.00000000,0.73878362,0.00000000,0.07619879,0.57058824,0.74504129,0.00000000,0.23214790,0.00000000,0.90883871,0.00000000
C201503102055A,150-300,strike_slip,12,2.14756713,16,false,0.06777734,0.32352941,0.83906789,0.00000000,0.70004077,0.00000000,0.33053107,0.00000000,0.35817993,0.00000000,0.49902895,0.00000000
C020196B,150-300,strike_slip,38,2.08847970,17,false,0.29951836,0.00000000,0.64457855,0.00000000,0.35158710,0.00000000,0.47295984,0.00000000,0.14245639,0.00000000,0.17737946,0.00000000
C201505152026A,150-300,strike_slip,17,2.05634540,18,false,0.46875302,0.00000000,0.31549709,0.00000000,0.32374674,0.00000000,0.13511004,0.00000000,0.11232455,0.00000000,0.70091396,0.00000000
C201104071311A,150-300,strike_slip,7,1.30655801,19,false,0.21035703,0.00000000,0.71719710,0.00000000,0.03510949,0.87058824,0.69743903,0.00000000,0.82148911,0.00000000,0.56614271,0.00000000
C201907311502A,150-300,strike_slip,53,0.46204246,20,false,0.01525197,1.00000000,0.63667455,0.00000000,0.21111322,0.00000000,0.41937411,0.00000000,0.68185841,0.00000000,0.49777020,0.00000000
C202301180034A,150-300,thrust,2,4.14332976,1,true,0.94670369,0.00000000,0.56398241,0.00000000,0.41382257,0.00000000,0.80632594,0.00000000,0.84714941,0.00000000,0.56534575,0.00000000
C201111072235A,150-300,thrust,30,4.10743566,2,false,0.15548796,0.07058824,0.97922499,0.00000000,0.32730827,0.00000000,1.04426925,0.00000000,1.16021809,0.00000000,0.58210358,0.00000000
C030300C,150-300,thrust,19,4.03197780,3,false,0.82033677,0.00000000,0.58368520,0.00000000,0.78210485,0.00000000,0.57238110,0.00000000,0.89215126,0.00000000,0.38131862,0.00000000
B110791C,150-300,thrust,8,3.99953769,4,false,0.78413537,0.00000000,0.59157856,0.00000000,0.79575558,0.00000000,0.60077773,0.00000000,0.92400977,0.00000000,0.30328067,0.00000000
C091592I,150-300,thrust,53,3.95309307,5,false,0.71438341,0.00000000,0.71616523,0.00000000,0.91738762,0.00000000,0.37799654,0.00000000,0.82060187,0.00000000,0.40655841,0.00000000
C200901222016A,150-300,thrust,14,3.94873428,6,false,0.80162652,0.00000000,0.44819881,0.00000000,0.62113760,0.00000000,0.82343260,0.00000000,0.98751464,0.00000000,0.26682411,0.00000000
C091799A,150-300,thrust,58,3.90287557,7,false,0.64836032,0.00000000,0.76408744,0.00000000,0.89702042,0.00000000,0.38496678,0.00000000,0.87471245,0.00000000,0.33372816,0.00000000
C092890B,150-300,thrust,42,3.82471497,8,false,0.56007373,0.00000000,0.84463726,0.00000000,0.84509677,0.00000000,0.38781617,0.00000000,0.96906014,0.00000000,0.21803089,0.00000000
C202112042347A,150-300,thrust,25,3.74608395,9,false,0.26006155,0.00000000,0.90375777,0.00000000,0.38819081,0.00000000,0.78587314,0.00000000,0.73538584,0.00000000,0.67281485,0.00000000
C080993G,150-300,thrust,75,3.71959291,10,false,0.62372256,0.00000000,0.84142265,0.00000000,0.10380265,0.22941176,1.15186081,0.00000000,1.07827047,0.00000000,0.37933730,0.00000000
C071491A,150-300,thrust,92,3.60339602,11,false,0.88627252,0.00000000,0.25462487,0.00000000,0.73900544,0.00000000,0.47381510,0.00000000,0.50747921,0.00000000,0.74219889,0.00000000
C200709281338A,150-300,thrust,109,3.45981333,12,false,0.86081034,0.00000000,0.36541880,0.00000000,0.20294294,0.00000000,0.93843245,0.00000000,0.76489387,0.00000000,0.32731495,0.00000000
C202402121119A,150-300,thrust,98,3.31986808,13,false,0.81543450,0.00000000,0.38437961,0.00000000,0.12182248,0.00000000,0.96461288,0.00000000,0.75333427,0.00000000,0.28028432,0.00000000
C201708110528A,150-300,thrust,36,3.29393768,14,false,0.73682808,0.00000000,0.56983632,0.00000000,0.46576906,0.00000000,0.97552339,0.00000000,1.07745548,0.00000000,0.10381947,0.31764706
B080993F,150-300,thrust,70,3.25480271,15,false,0.31655736,0.00000000,0.80052963,0.00000000,0.12889661,0.18235294,0.99680769,0.00000000,0.98614384,0.00000000,0.39057347,0.00000000
C121797B,150-300,thrust,86,3.21710136,16,false,0.38027774,0.00000000,0.72390334,0.00000000,0.15031040,0.12352941,0.96172491,0.00000000,0.98780583,0.00000000,0.26013796,0.00000000
C201801310707A,150-300,thrust,64,3.16474791,17,false,0.61767179,0.00000000,0.43985658,0.00000000,0.57710431,0.00000000,0.46738023,0.00000000,0.68947649,0.00000000,0.37325851,0.00000000
C100398E,150-300,thrust,81,2.89048034,18,false,0.98397398,0.00000000,0.40530660,0.00000000,0.30114630,0.00000000,0.91222646,0.00000000,0.09158210,0.43529412,1.06683313,0.00000000
C202008051205A,150-300,thrust,47,2.80931189,19,false,0.16223222,0.11764706,0.76696271,0.00000000,0.61523783,0.00000000,0.61822976,0.00000000,0.22033763,0.05294118,0.76748822,0.00000000
C070696E,150-300,thrust,103,2.28397267,20,false,0.88623076,0.00000000,0.46098289,0.00000000,0.05432317,0.54705882,0.93131606,0.00000000,0.61416677,0.00000000,0.43107066,0.00000000
C202002131033B,150-300,normal,1,5.18404726,1,true,0.55995275,0.00000000,1.13364920,0.00000000,0.87770928,0.00000000,0.90638042,0.00000000,0.46033579,0.00000000,1.24601982,0.00000000
C060991C,150-300,normal,65,4.00515091,2,false,0.26705380,0.00000000,0.85116890,0.00000000,1.16673936,0.00000000,0.38127117,0.00000000,0.37201346,0.00000000,0.96690423,0.00000000
C201008121154A,150-300,normal,25,3.96478142,3,false,1.06361771,0.00000000,0.42490527,0.00000000,0.28918329,0.00000000,1.07305843,0.00000000,0.22965741,0.00000000,0.88435930,0.00000000
C202101080028A,150-300,normal,38,3.84730025,4,false,0.98689868,0.00000000,0.19521557,0.00000000,0.64820824,0.00000000,0.68185556,0.00000000,0.45399995,0.00000000,0.88112226,0.00000000
C200506021056A,150-300,normal,21,3.83981802,5,false,0.99252996,0.00000000,0.14974672,0.00000000,0.59927774,0.00000000,0.74990672,0.00000000,0.53259911,0.00000000,0.81575778,0.00000000
C202011302254A,150-300,normal,18,3.71842483,6,false,0.67515203,0.00000000,0.63789214,0.00000000,0.45410126,0.00000000,0.62213438,0.00000000,0.90652529,0.00000000,0.42261973,0.00000000
C200808262100A,150-300,normal,5,3.69937734,7,false,0.62038245,0.00000000,0.71153173,0.00000000,0.55609696,0.00000000,0.55698672,0.00000000,0.95125691,0.00000000,0.30312257,0.00000000
C201111080259A,150-300,normal,45,3.59198451,8,false,0.53941248,0.00000000,0.78000731,0.00000000,0.91394503,0.00000000,0.28579391,0.00000000,0.60865944,0.00000000,0.46416633,0.00000000
C111496H,150-300,normal,28,3.31369098,9,false,0.52479519,0.00000000,0.67732606,0.00000000,0.63085450,0.00000000,0.41023377,0.00000000,0.79726470,0.00000000,0.27321677,0.00000000
C201305231719A,150-300,normal,15,3.29537345,10,false,0.45345838,0.00000000,0.66332360,0.00000000,0.47166788,0.00000000,0.72698118,0.00000000,0.27106894,0.00000000,0.70887347,0.00000000
C201601111708A,150-300,normal,55,3.22328010,11,false,0.77947686,0.00000000,0.22874014,0.00000000,0.11720662,0.00000000,0.94667575,0.00000000,0.74783849,0.00000000,0.40334224,0.00000000
C202303040641A,150-300,normal,31,3.18207146,12,false,0.23350646,0.00000000,0.82549512,0.00000000,0.90577887,0.00000000,0.28848668,0.00000000,0.44968295,0.00000000,0.47912139,0.00000000
C201702181210A,150-300,normal,35,3.12483240,13,false,0.79726683,0.00000000,0.58420305,0.00000000,0.19686240,0.11764706,0.92114253,0.00000000,0.15499900,0.11764706,0.94094684,0.00000000
C202006131551A,150-300,normal,11,2.92977456,14,false,0.09025297,0.00000000,0.78686525,0.00000000,0.52689474,0.00000000,0.37463062,0.00000000,0.74706786,0.00000000,0.40406312,0.00000000
C051200C,150-300,normal,41,2.92538270,15,false,0.43753691,0.00000000,0.62636552,0.00000000,0.12088087,0.00000000,0.60690196,0.00000000,0.56501836,0.00000000,0.56867908,0.00000000
C201412102103A,150-300,normal,58,2.26323027,16,false,0.42459081,0.00000000,0.50129217,0.00000000,0.13947008,0.00588235,0.72912586,0.00000000,0.72982361,0.00000000,0.11539833,0.18235294
C202307021027A,150-300,normal,48,2.25695514,17,false,0.29343903,0.00000000,0.35609101,0.00000000,0.66732836,0.00000000,0.19872522,0.00000000,0.11305577,0.00588235,0.64008046,0.00000000
C072097C,150-300,normal,61,2.18442535,18,false,0.62261464,0.00000000,0.17248512,0.00000000,0.35714456,0.00000000,0.33360245,0.00000000,0.14825301,0.00000000,0.55032555,0.00000000
C200810221255A,150-300,normal,51,1.86508232,19,false,0.22007058,0.00000000,0.36968223,0.00000000,0.38508336,0.00000000,0.27688543,0.00000000,0.40308252,0.00000000,0.21027819,0.00000000
B121294A,150-300,normal,8,0.99929799,20,false,0.04070402,0.83529412,0.81743565,0.00000000,0.48749918,0.00000000,0.44668129,0.00000000,0.67417122,0.00000000,0.21515958,0.00588235
C202010230704A,300-500,strike_slip,45,4.47385867,1,true,0.38434457,0.00000000,0.96929771,0.00000000,0.91572379,0.00000000,0.78089185,0.00000000,0.45340229,0.00000000,0.97019846,0.00000000
C082992C,300-500,strike_slip,1,4.36555895,2,false,0.25783405,0.11176471,1.03786874,0.00000000,0.98017835,0.00000000,0.86926627,0.00000000,0.36239259,0.00000000,1.08154836,0.00000000
C201907271831A,300-500,strike_slip,17,4.23124702,3,false,0.43077932,0.00000000,1.02995716,0.00000000,0.84529889,0.00000000,0.72786479,0.00000000,0.46350932,0.00000000,0.73383755,0.00000000
C111203E,300-500,strike_slip,20,3.77804505,4,false,0.35053349,0.00000000,0.97065796,0.00000000,0.80192008,0.00000000,0.62541828,0.00000000,0.44497864,0.00000000,0.58453659,0.00000000
C033195B,300-500,strike_slip,12,3.33658160,5,false,0.12527276,0.35294118,0.92111784,0.00000000,0.66274957,0.00000000,0.83024528,0.00000000,0.64698519,0.00000000,0.85609331,0.00000000
C201304260653A,300-500,strike_slip,9,3.21188665,6,false,0.71269182,0.00000000,0.70750713,0.00000000,0.16896307,0.11764706,0.59078558,0.00000000,0.43976704,0.00000000,0.82746613,0.00000000
C201706290703A,300-500,strike_slip,28,2.98507205,7,false,0.33634155,0.00000000,0.88105843,0.00000000,0.59229761,0.00000000,0.34021983,0.00000000,0.45864938,0.00000000,0.37650525,0.00000000
C110704A,300-500,strike_slip,53,2.95671038,8,false,0.27103937,0.00000000,0.87040095,0.00000000,0.77654844,0.00000000,0.41031041,0.00000000,0.33738547,0.00000000,0.29102574,0.00000000
C072194D,300-500,strike_slip,50,2.94190397,9,false,0.53993223,0.00000000,0.68810214,0.00000000,0.69332277,0.00000000,0.71550976,0.00000000,0.11088016,0.17058824,0.53533339,0.00000000
C201906040439A,300-500,strike_slip,39,2.93998038,10,false,0.15562762,0.11764706,0.65367301,0.00000000,0.52923503,0.00000000,0.67974885,0.00000000,0.55788422,0.00000000,0.59910578,0.00000000
C120196B,300-500,strike_slip,15,2.92732587,11,false,0.14858589,0.00000000,0.93081132,0.00000000,0.66324214,0.00000000,0.25190626,0.00588235,0.59224124,0.00000000,0.35230372,0.00000000
C031696C,300-500,strike_slip,48,2.87211728,12,false,0.60924161,0.00000000,0.48223936,0.00000000,0.38261903,0.00000000,0.68530295,0.00000000,0.25237647,0.00000000,0.46033786,0.00000000
C202211140808A,300-500,strike_slip,4,2.83162931,13,false,0.59850515,0.00000000,0.47915769,0.00000000,0.28841053,0.00000000,0.85251363,0.00000000,0.37934287,0.00000000,0.23369944,0.00000000
B052090C,300-500,strike_slip,6,2.77770119,14,false,0.57077800,0.00000000,0.68477696,0.00000000,0.50596940,0.00000000,0.76384513,0.00000000,0.11556717,0.17647059,0.48970571,0.00000000
C201108190354A,300-500,strike_slip,31,2.71492508,15,false,0.45084420,0.00000000,0.32715504,0.00000000,0.13423237,0.05294118,0.89856953,0.00000000,0.76016806,0.00000000,0.24983824,0.00000000
C200704210712A,300-500,strike_slip,26,2.55333152,16,false,0.79756148,0.00000000,0.32023003,0.00000000,0.34834216,0.00000000,0.35400497,0.00000000,0.10363227,0.11176471,0.85309001,0.00000000
C201906281551A,300-500,strike_slip,34,2.46938835,17,false,0.68005614,0.00000000,0.16362923,0.17058824,0.15486359,0.00000000,0.92488562,0.00000000,0.56032695,0.00000000,0.32680329,0.00000000
B032197A,300-500,strike_slip,42,2.28783890,18,false,0.49353937,0.00000000,0.67002038,0.00000000,0.10102550,0.11764706,0.22789039,0.00000000,0.47248879,0.00000000,0.55816859,0.00000000
C022601C,300-500,strike_slip,23,0.97554171,19,false,0.03244379,0.87647059,0.74344777,0.00000000,0.83853346,0.00000000,0.43305433,0.00000000,0.20538927,0.00000000,0.47561427,0.00000000
B112990C,300-500,strike_slip,37,0.36417812,20,false,0.59088760,0.00000000,0.55679262,0.00000000,0.02373937,0.95294118,0.28997107,0.00000000,0.24823782,0.00000000,0.56043199,0.00000000
C042300B,500-700,strike_slip,60,5.06384890,1,true,0.53504090,0.00000000,1.06274701,0.00000000,0.46332279,0.00000000,1.10774515,0.00000000,1.13384498,0.00000000,0.76114806,0.00000000
C101702C,500-700,strike_slip,68,4.51511431,2,false,0.87492799,0.00000000,0.78994245,0.00000000,0.57705017,0.00000000,0.85631019,0.00000000,0.53514761,0.00000000,0.88173590,0.00000000
C200801151752A,500-700,strike_slip,55,4.28716795,3,false,0.51860799,0.00000000,0.78470541,0.00000000,0.60047903,0.00000000,0.71609339,0.00000000,0.81974792,0.00000000,0.84753422,0.00000000
B062690B,500-700,strike_slip,64,4.21122757,4,false,0.54481080,0.00000000,0.79729236,0.00000000,0.47491358,0.00000000,0.77575032,0.00000000,0.85087245,0.00000000,0.76758805,0.00000000
C202110210810A,500-700,strike_slip,2,4.15087977,5,false,0.35552410,0.00000000,0.74116231,0.00000000,0.82931831,0.00000000,0.62798281,0.00000000,0.61837417,0.00000000,0.97851807,0.00000000
C201412020511A,500-700,strike_slip,73,3.82107969,6,false,0.37865336,0.00000000,0.71762773,0.00000000,0.44621235,0.00000000,0.72756656,0.00000000,0.86913891,0.00000000,0.68188078,0.00000000
C201601140325C,500-700,strike_slip,46,3.49210757,7,false,0.33310474,0.00000000,0.86673037,0.00000000,0.93904929,0.00000000,0.48885010,0.00000000,0.32868764,0.00000000,0.53568542,0.00000000
C011795B,500-700,strike_slip,82,3.25831850,8,false,0.60980276,0.00000000,0.55658015,0.00000000,0.64397858,0.00000000,0.70155887,0.00000000,0.25629194,0.00000000,0.49010619,0.00000000
C201701021314A,500-700,strike_slip,33,3.08830797,9,false,0.62415715,0.00000000,0.37391670,0.00000000,0.40107754,0.00000000,0.94006106,0.00000000,0.56470877,0.00000000,0.18438674,0.00000000
C052603E,500-700,strike_slip,37,3.06869908,10,false,0.47674331,0.00000000,0.73523612,0.00000000,0.44842954,0.00000000,0.51029550,0.00000000,0.52251924,0.00000000,0.37547536,0.00000000
C011300B,500-700,strike_slip,28,3.01801069,11,false,0.21033426,0.00000000,0.41758271,0.00000000,0.92135847,0.00000000,0.40232058,0.00000000,0.20248738,0.00000000,0.86392728,0.00000000
C080793E,500-700,strike_slip,20,2.98743643,12,false,0.16193809,0.11764706,0.54785920,0.00000000,0.45273334,0.00000000,0.66500566,0.00000000,0.75261118,0.00000000,0.64258307,0.00000000
C202211090951A,500-700,strike_slip,86,2.98054518,13,false,0.74557826,0.00000000,0.46259225,0.00000000,0.25710139,0.00000000,0.31875152,0.00000000,0.43222082,0.00000000,0.76430095,0.00000000
C200606090558A,500-700,strike_slip,42,2.97476438,14,false,0.33282869,0.00000000,0.25979115,0.00000000,0.75782980,0.00000000,0.35599743,0.00000000,0.37907974,0.00000000,0.88923758,0.00000000
C201911081044A,500-700,strike_slip,51,2.49674332,15,false,0.50417393,0.00000000,0.62530259,0.00000000,0.11406960,0.34705882,0.63090390,0.00000000,0.73143678,0.00000000,0.58497417,0.00000000
C201811182025A,500-700,strike_slip,24,2.47764126,16,false,0.59533653,0.00000000,0.63159846,0.00000000,0.15327594,0.00000000,0.26528007,0.00000000,0.34256860,0.00000000,0.48958166,0.00000000
C202211090938A,500-700,strike_slip,77,2.33733696,17,false,0.68227978,0.00000000,0.28655658,0.00000000,0.20202084,0.00000000,0.39493430,0.00000000,0.18104044,0.00000000,0.59050502,0.00000000
C080590A,500-700,strike_slip,6,2.23983404,18,false,0.54183915,0.00000000,0.56171846,0.00000000,0.08247341,0.17647059,0.23053428,0.00000000,0.50604806,0.00000000,0.67016186,0.00000000
C050400K,500-700,strike_slip,15,1.95375317,19,false,0.21213396,0.00000000,0.64887108,0.00000000,0.31422811,0.00000000,0.19528825,0.00000000,0.35393997,0.00000000,0.22929180,0.00000000
C202110091058A,500-700,strike_slip,11,1.75932840,20,false,0.36289728,0.00000000,0.32927802,0.00000000,0.12314493,0.00000000,0.53762956,0.00000000,0.16400684,0.00000000,0.24237177,0.00000000
C201205280507A,500-700,normal,56,4.30091742,1,true,0.48867730,0.00000000,1.03485296,0.00000000,0.68724034,0.00000000,0.68042306,0.00000000,0.86310895,0.00000000,0.54661482,0.00000000
C200809031125A,500-700,normal,32,4.28614273,2,true,0.55643452,0.00000000,0.99299483,0.00000000,0.51944966,0.00000000,0.74251907,0.00000000,0.88766662,0.00000000,0.58707805,0.00000000
C200908280151A,500-700,normal,104,3.95122076,3,false,0.65667053,0.00000000,0.61396768,0.00000000,0.32618731,0.00000000,1.09609867,0.00000000,0.95913000,0.00000000,0.29916657,0.00000000
C101202H,500-700,normal,14,3.80907532,4,false,0.52212274,0.00000000,0.80335335,0.00000000,0.58574436,0.00000000,0.65505999,0.00000000,0.95237302,0.00000000,0.29042186,0.00000000
C201901051925A,500-700,normal,50,3.69373244,5,false,0.40160735,0.00000000,0.85057323,0.00000000,0.57428770,0.00000000,0.64357947,0.00000000,0.97830917,0.00000000,0.24537552,0.00000000
C041498B,500-700,normal,2,3.60893985,6,false,0.74749426,0.00000000,0.53935775,0.00000000,0.45296727,0.00000000,0.80058396,0.00000000,0.31214164,0.05882353,0.87404203,0.00000000
C201405040915A,500-700,normal,8,3.47891575,7,false,0.24149782,0.00000000,0.85666388,0.00000000,0.57263183,0.00000000,0.63134577,0.00000000,1.00557786,0.00000000,0.27708094,0.05294118
C201203050746A,500-700,normal,26,3.21534343,8,false,0.33543686,0.00000000,0.64464657,0.00000000,0.22442529,0.00000000,0.91027999,0.00000000,1.03852446,0.00000000,0.17967733,0.05882353
C200804182039A,500-700,normal,38,3.05938808,9,false,0.63746650,0.00000000,0.32578866,0.00000000,0.77466147,0.00000000,0.15550814,0.00000000,0.17947458,0.00000000,0.98648874,0.00000000
C201405040925A,500-700,normal,116,2.56617805,10,false,0.91664226,0.00000000,0.32197026,0.00000000,0.35954810,0.00000000,0.52634451,0.00000000,0.06441752,0.20588235,0.78902011,0.00000000
C201007232315A,500-700,normal,110,2.33202162,11,false,0.28395144,0.00000000,0.43227426,0.00000000,0.44258251,0.00000000,0.35185726,0.00000000,0.40974930,0.00000000,0.41160686,0.00000000
C111204H,500-700,normal,44,2.30179965,12,false,0.05744648,0.64117647,1.03197691,0.00000000,0.86311889,0.00000000,0.40885233,0.00000000,0.84786630,0.00000000,0.37489168,0.00000000
C202407110213A,500-700,normal,98,2.29539918,13,false,0.21691901,0.00000000,0.53940531,0.00000000,0.50212482,0.00000000,0.37934640,0.00000000,0.34887304,0.00000000,0.30873061,0.00000000
C090497A,500-700,normal,92,2.16686253,14,false,0.31441711,0.00000000,0.58774401,0.00000000,0.10464401,0.11176471,0.48009812,0.00000000,0.55925632,0.00000000,0.34423237,0.00000000
C201511260545A,500-700,normal,86,1.63043221,15,false,0.02242886,0.95294118,0.98723929,0.00000000,0.74085905,0.00000000,0.48709614,0.00000000,0.93172039,0.00000000,0.36697083,0.00000000
C201008161935A,500-700,normal,74,1.61059886,16,false,0.92070735,0.00000000,0.17674288,0.00588235,0.05675860,0.66470588,0.97060815,0.00000000,0.43745681,0.00000000,0.38950155,0.00000000
B042493B,500-700,normal,80,1.60508394,17,false,0.43422128,0.00000000,0.26759035,0.00000000,0.12505010,0.05294118,0.73256638,0.00000000,0.62731282,0.00000000,0.11246066,0.29411765
C201007240535A,500-700,normal,20,0.87625618,18,false,0.05777240,0.57647059,0.54480610,0.00000000,0.39664178,0.00000000,0.35454528,0.00000000,0.47933704,0.00000000,0.19609475,0.00000000
C201007232208A,500-700,normal,62,0.86837519,19,false,0.12624901,0.00000000,0.31631055,0.00000000,0.58456150,0.00000000,0.16124153,0.00000000,0.05671540,0.45294118,0.52917956,0.00000000
C202211120709A,500-700,normal,68,0.63241733,20,false,0.31452135,0.00000000,0.46913074,0.00000000,0.04174448,0.71176471,0.51088189,0.00000000,0.52035875,0.00000000,0.19930953,0.00000000
