source_i,source_j,absolute_tensor_correlation,mechanism_distance
SRC001,SRC002,0.41951997,0.58048003
SRC001,SRC003,0.19238775,0.80761225
SRC001,SRC004,0.22351322,0.77648678
SRC001,SRC005,0.91736736,0.08263264
SRC001,SRC006,0.99605357,0.00394643
SRC001,SRC007,0.30785235,0.69214765
SRC001,SRC008,0.43072143,0.56927857
SRC001,SRC009,0.99098782,0.00901218
SRC001,SRC010,0.06712214,0.93287786
SRC001,SRC011,0.35860868,0.64139132
SRC001,SRC012,0.72200417,0.27799583
SRC001,SRC013,0.32411319,0.67588681
SRC001,SRC014,0.50531894,0.49468106
SRC001,SRC015,0.83781058,0.16218942
SRC001,SRC016,0.42168112,0.57831888
SRC001,SRC017,0.51093931,0.48906069
SRC001,SRC018,0.51126874,0.48873126
SRC001,SRC019,0.24617910,0.75382090
SRC001,SRC020,0.44592452,0.55407548
SRC001,SRC021,0.99311220,0.00688780
SRC001,SRC022,0.29728399,0.70271601
SRC001,SRC023,0.39002848,0.60997152
SRC001,SRC024,0.42941226,0.57058774
SRC001,SRC025,0.65053957,0.34946043
SRC001,SRC026,0.27091460,0.72908540
SRC001,SRC027,0.48642167,0.51357833
SRC001,SRC028,0.13939269,0.86060731
SRC001,SRC029,0.74624998,0.25375002
SRC001,SRC030,0.39741414,0.60258586
SRC001,SRC031,0.46575910,0.53424090
SRC001,SRC032,0.63518285,0.36481715
SRC001,SRC033,0.62920866,0.37079134
SRC001,SRC034,0.63104928,0.36895072
SRC001,SRC035,0.23859595,0.76140405
SRC001,SRC036,0.81237921,0.18762079
SRC001,SRC037,0.76713120,0.23286880
SRC001,SRC038,0.00292525,0.99707475
SRC001,SRC039,0.91914790,0.08085210
SRC001,SRC040,0.51048779,0.48951221
SRC001,SRC041,0.06509577,0.93490423
SRC001,SRC042,0.14354711,0.85645289
SRC001,SRC043,0.76900732,0.23099268
SRC001,SRC044,0.14339250,0.85660750
SRC001,SRC045,0.40511834,0.59488166
SRC001,SRC046,0.57843605,0.42156395
SRC001,SRC047,0.05889556,0.94110444
SRC001,SRC048,0.48730744,0.51269256
SRC001,SRC049,0.56662616,0.43337384
SRC001,SRC050,0.05328405,0.94671595
SRC002,SRC003,0.51330532,0.48669468
SRC002,SRC004,0.57840957,0.42159043
SRC002,SRC005,0.35263455,0.64736545
SRC002,SRC006,0.44649683,0.55350317
SRC002,SRC007,0.11196638,0.88803362
SRC002,SRC008,0.21222333,0.78777667
SRC002,SRC009,0.43185447,0.56814553
SRC002,SRC010,0.64278600,0.35721400
SRC002,SRC011,0.35734416,0.64265584
SRC002,SRC012,0.11192488,0.88807512
SRC002,SRC013,0.57752141,0.42247859
SRC002,SRC014,0.41130882,0.58869118
SRC002,SRC015,0.03645147,0.96354853
SRC002,SRC016,0.43949764,0.56050236
SRC002,SRC017,0.35754619,0.64245381
SRC002,SRC018,0.97399763,0.02600237
SRC002,SRC019,0.33452469,0.66547531
SRC002,SRC020,0.24847355,0.75152645
SRC002,SRC021,0.39455542,0.60544458
SRC002,SRC022,0.05421789,0.94578211
SRC002,SRC023,0.90240367,0.09759633
SRC002,SRC024,0.26744207,0.73255793
SRC002,SRC025,0.90853374,0.09146626
SRC002,SRC026,0.03188995,0.96811005
SRC002,SRC027,0.70944807,0.29055193
SRC002,SRC028,0.00602119,0.99397881
SRC002,SRC029,0.56443679,0.43556321
SRC002,SRC030,0.58996686,0.41003314
SRC002,SRC031,0.90692193,0.09307807
SRC002,SRC032,0.51965388,0.48034612
SRC002,SRC033,0.14228781,0.85771219
SRC002,SRC034,0.70074477,0.29925523
SRC002,SRC035,0.71651772,0.28348228
SRC002,SRC036,0.31259512,0.68740488
SRC002,SRC037,0.46738656,0.53261344
SRC002,SRC038,0.48212581,0.51787419
SRC002,SRC039,0.63791767,0.36208233
SRC002,SRC040,0.03399014,0.96600986
SRC002,SRC041,0.15306577,0.84693423
SRC002,SRC042,0.81879358,0.18120642
SRC002,SRC043,0.42188833,0.57811167
SRC002,SRC044,0.22879498,0.77120502
SRC002,SRC045,0.99584734,0.00415266
SRC002,SRC046,0.26886863,0.73113137
SRC002,SRC047,0.49332854,0.50667146
SRC002,SRC048,0.12951560,0.87048440
SRC002,SRC049,0.08281096,0.91718904
SRC002,SRC050,0.32329140,0.67670860
SRC003,SRC004,0.18662712,0.81337288
SRC003,SRC005,0.44099018,0.55900982
SRC003,SRC006,0.12055525,0.87944475
SRC003,SRC007,0.36369057,0.63630943
SRC003,SRC008,0.74932759,0.25067241
SRC003,SRC009,0.11781218,0.88218782
SRC003,SRC010,0.93237416,0.06762584
SRC003,SRC011,0.07804549,0.92195451
SRC003,SRC012,0.52916745,0.47083255
SRC003,SRC013,0.23468399,0.76531601
SRC003,SRC014,0.28165340,0.71834660
SRC003,SRC015,0.61097394,0.38902606
SRC003,SRC016,0.12441723,0.87558277
SRC003,SRC017,0.18591876,0.81408124
SRC003,SRC018,0.31223154,0.68776846
SRC003,SRC019,0.08521690,0.91478310
SRC003,SRC020,0.24961058,0.75038942
SRC003,SRC021,0.17905531,0.82094469
SRC003,SRC022,0.84094882,0.15905118
SRC003,SRC023,0.72846842,0.27153158
SRC003,SRC024,0.39781100,0.60218900
SRC003,SRC025,0.34175299,0.65824701
SRC003,SRC026,0.32550224,0.67449776
SRC003,SRC027,0.64790482,0.35209518
SRC003,SRC028,0.56460162,0.43539838
SRC003,SRC029,0.33703011,0.66296989
SRC003,SRC030,0.27839428,0.72160572
SRC003,SRC031,0.58586267,0.41413733
SRC003,SRC032,0.11547617,0.88452383
SRC003,SRC033,0.03923775,0.96076225
SRC003,SRC034,0.39982265,0.60017735
SRC003,SRC035,0.22526287,0.77473713
SRC003,SRC036,0.26889111,0.73110889
SRC003,SRC037,0.01284033,0.98715967
SRC003,SRC038,0.60834907,0.39165093
SRC003,SRC039,0.04852183,0.95147817
SRC003,SRC040,0.68049381,0.31950619
SRC003,SRC041,0.20509312,0.79490688
SRC003,SRC042,0.89933957,0.10066043
SRC003,SRC043,0.11943816,0.88056184
SRC003,SRC044,0.80889710,0.19110290
SRC003,SRC045,0.54414054,0.45585946
SRC003,SRC046,0.87968933,0.12031067
SRC003,SRC047,0.94484744,0.05515256
SRC003,SRC048,0.53191554,0.46808446
SRC003,SRC049,0.61807809,0.38192191
SRC003,SRC050,0.55217723,0.44782277
SRC004,SRC005,0.01882146,0.98117854
SRC004,SRC006,0.24502617,0.75497383
SRC004,SRC007,0.54427891,0.45572109
SRC004,SRC008,0.21177003,0.78822997
SRC004,SRC009,0.25451571,0.74548429
SRC004,SRC010,0.05649401,0.94350599
SRC004,SRC011,0.91677595,0.08322405
SRC004,SRC012,0.21732934,0.78267066
SRC004,SRC013,0.97628725,0.02371275
SRC004,SRC014,0.82688689,0.17311311
SRC004,SRC015,0.33050089,0.66949911
SRC004,SRC016,0.92933301,0.07066699
SRC004,SRC017,0.85841705,0.14158295
SRC004,SRC018,0.57043817,0.42956183
SRC004,SRC019,0.78892956,0.21107044
SRC004,SRC020,0.53226197,0.46773803
SRC004,SRC021,0.27905481,0.72094519
SRC004,SRC022,0.21687107,0.78312893
SRC004,SRC023,0.32706900,0.67293100
SRC004,SRC024,0.45627276,0.54372724
SRC004,SRC025,0.34041635,0.65958365
SRC004,SRC026,0.01709756,0.98290244
SRC004,SRC027,0.06161848,0.93838152
SRC004,SRC028,0.54848262,0.45151738
SRC004,SRC029,0.30134182,0.69865818
SRC004,SRC030,0.72910767,0.27089233
SRC004,SRC031,0.27528910,0.72471090
SRC004,SRC032,0.15685527,0.84314473
SRC004,SRC033,0.85444990,0.14555010
SRC004,SRC034,0.01871824,0.98128176
SRC004,SRC035,0.74687367,0.25312633
SRC004,SRC036,0.19483272,0.80516728
SRC004,SRC037,0.17343880,0.82656120
SRC004,SRC038,0.55391176,0.44608824
SRC004,SRC039,0.04313882,0.95686118
SRC004,SRC040,0.20622361,0.79377639
SRC004,SRC041,0.62856175,0.37143825
SRC004,SRC042,0.30126508,0.69873492
SRC004,SRC043,0.05600057,0.94399943
SRC004,SRC044,0.29048378,0.70951622
SRC004,SRC045,0.53397521,0.46602479
SRC004,SRC046,0.32435475,0.67564525
SRC004,SRC047,0.04448277,0.95551723
SRC004,SRC048,0.56446694,0.43553306
SRC004,SRC049,0.46930526,0.53069474
SRC004,SRC050,0.33419127,0.66580873
SRC005,SRC006,0.87977515,0.12022485
SRC005,SRC007,0.18341824,0.81658176
SRC005,SRC008,0.67188018,0.32811982
SRC005,SRC009,0.86106816,0.13893184
SRC005,SRC010,0.22199987,0.77800013
SRC005,SRC011,0.06460160,0.93539840
SRC005,SRC012,0.67080855,0.32919145
SRC005,SRC013,0.13787101,0.86212899
SRC005,SRC014,0.41995477,0.58004523
SRC005,SRC015,0.82351119,0.17648881
SRC005,SRC016,0.17655488,0.82344512
SRC005,SRC017,0.38118855,0.61881145
SRC005,SRC018,0.49896587,0.50103413
SRC005,SRC019,0.08033908,0.91966092
SRC005,SRC020,0.48920273,0.51079727
SRC005,SRC021,0.87600774,0.12399226
SRC005,SRC022,0.53324085,0.46675915
SRC005,SRC023,0.23897702,0.76102298
SRC005,SRC024,0.54131037,0.45868963
SRC005,SRC025,0.60877619,0.39122381
SRC005,SRC026,0.50466024,0.49533976
SRC005,SRC027,0.16133309,0.83866691
SRC005,SRC028,0.46899213,0.53100787
SRC005,SRC029,0.44399893,0.55600107
SRC005,SRC030,0.65035464,0.34964536
SRC005,SRC031,0.33993949,0.66006051
SRC005,SRC032,0.52918992,0.47081008
SRC005,SRC033,0.40794940,0.59205060
SRC005,SRC034,0.35887079,0.64112921
SRC005,SRC035,0.24873775,0.75126225
SRC005,SRC036,0.67648782,0.32351218
SRC005,SRC037,0.55361757,0.44638243
SRC005,SRC038,0.03712195,0.96287805
SRC005,SRC039,0.90648150,0.09351850
SRC005,SRC040,0.80167107,0.19832893
SRC005,SRC041,0.23660507,0.76339493
SRC005,SRC042,0.08804657,0.91195343
SRC005,SRC043,0.61546032,0.38453968
SRC005,SRC044,0.41983047,0.58016953
SRC005,SRC045,0.31123210,0.68876790
SRC005,SRC046,0.75646017,0.24353983
SRC005,SRC047,0.35847986,0.64152014
SRC005,SRC048,0.48365248,0.51634752
SRC005,SRC049,0.61300081,0.38699919
SRC005,SRC050,0.21305766,0.78694234
SRC006,SRC007,0.32279101,0.67720899
SRC006,SRC008,0.36246765,0.63753235
SRC006,SRC009,0.99734495,0.00265505
SRC006,SRC010,0.14328681,0.85671319
SRC006,SRC011,0.39932684,0.60067316
SRC006,SRC012,0.71140912,0.28859088
SRC006,SRC013,0.33795421,0.66204579
SRC006,SRC014,0.49704873,0.50295127
SRC006,SRC015,0.81415201,0.18584799
SRC006,SRC016,0.44772620,0.55227380
SRC006,SRC017,0.51338162,0.48661838
SRC006,SRC018,0.52340657,0.47659343
SRC006,SRC019,0.29690586,0.70309414
SRC006,SRC020,0.41750472,0.58249528
SRC006,SRC021,0.99584690,0.00415310
SRC006,SRC022,0.23615787,0.76384213
SRC006,SRC023,0.43360860,0.56639140
SRC006,SRC024,0.38681859,0.61318141
SRC006,SRC025,0.66326347,0.33673653
SRC006,SRC026,0.21430007,0.78569993
SRC006,SRC027,0.55758995,0.44241005
SRC006,SRC028,0.06419248,0.93580752
SRC006,SRC029,0.80065429,0.19934571
SRC006,SRC030,0.34665162,0.65334838
SRC006,SRC031,0.50243315,0.49756685
SRC006,SRC032,0.64905525,0.35094475
SRC006,SRC033,0.65277339,0.34722661
SRC006,SRC034,0.68531792,0.31468208
SRC006,SRC035,0.24524025,0.75475975
SRC006,SRC036,0.82177311,0.17822689
SRC006,SRC037,0.79866965,0.20133035
SRC006,SRC038,0.02152329,0.97847671
SRC006,SRC039,0.90960014,0.09039986
SRC006,SRC040,0.43364807,0.56635193
SRC006,SRC041,0.02773374,0.97226626
SRC006,SRC042,0.20931127,0.79068873
SRC006,SRC043,0.78581834,0.21418166
SRC006,SRC044,0.07287619,0.92712381
SRC006,SRC045,0.43824366,0.56175634
SRC006,SRC046,0.51610800,0.48389200
SRC006,SRC047,0.01974286,0.98025714
SRC006,SRC048,0.47156265,0.52843735
SRC006,SRC049,0.53879912,0.46120088
SRC006,SRC050,0.11857010,0.88142990
SRC007,SRC008,0.24079563,0.75920437
SRC007,SRC009,0.33019057,0.66980943
SRC007,SRC010,0.06986587,0.93013413
SRC007,SRC011,0.36014653,0.63985347
SRC007,SRC012,0.62443184,0.37556816
SRC007,SRC013,0.42882157,0.57117843
SRC007,SRC014,0.23404047,0.76595953
SRC007,SRC015,0.54588049,0.45411951
SRC007,SRC016,0.41365740,0.58634260
SRC007,SRC017,0.28031671,0.71968329
SRC007,SRC018,0.00347458,0.99652542
SRC007,SRC019,0.43512423,0.56487577
SRC007,SRC020,0.02789584,0.97210416
SRC007,SRC021,0.37622202,0.62377798
SRC007,SRC022,0.36085353,0.63914647
SRC007,SRC023,0.19705808,0.80294192
SRC007,SRC024,0.01361650,0.98638350
SRC007,SRC025,0.02140911,0.97859089
SRC007,SRC026,0.21646705,0.78353295
SRC007,SRC027,0.25182447,0.74817553
SRC007,SRC028,0.44561911,0.55438089
SRC007,SRC029,0.46012750,0.53987250
SRC007,SRC030,0.21678914,0.78321086
SRC007,SRC031,0.00797726,0.99202274
SRC007,SRC032,0.40828942,0.59171058
SRC007,SRC033,0.45094826,0.54905174
SRC007,SRC034,0.29874227,0.70125773
SRC007,SRC035,0.28461753,0.71538247
SRC007,SRC036,0.54580232,0.45419768
SRC007,SRC037,0.55940505,0.44059495
SRC007,SRC038,0.83767825,0.16232175
SRC007,SRC039,0.12404644,0.87595356
SRC007,SRC040,0.14567084,0.85432916
SRC007,SRC041,0.54807250,0.45192750
SRC007,SRC042,0.17743050,0.82256950
SRC007,SRC043,0.39330953,0.60669047
SRC007,SRC044,0.03472258,0.96527742
SRC007,SRC045,0.05004386,0.94995614
SRC007,SRC046,0.42629455,0.57370545
SRC007,SRC047,0.07818098,0.92181902
SRC007,SRC048,0.84511613,0.15488387
SRC007,SRC049,0.77779979,0.22220021
SRC007,SRC050,0.49777545,0.50222455
SRC008,SRC009,0.31714142,0.68285858
SRC008,SRC010,0.59398786,0.40601214
SRC008,SRC011,0.02712752,0.97287248
SRC008,SRC012,0.27757473,0.72242527
SRC008,SRC013,0.25678672,0.74321328
SRC008,SRC014,0.54814044,0.45185956
SRC008,SRC015,0.51015368,0.48984632
SRC008,SRC016,0.10543777,0.89456223
SRC008,SRC017,0.47654870,0.52345130
SRC008,SRC018,0.02236033,0.97763967
SRC008,SRC019,0.30081180,0.69918820
SRC008,SRC020,0.71405462,0.28594538
SRC008,SRC021,0.36646488,0.63353512
SRC008,SRC022,0.52448171,0.47551829
SRC008,SRC023,0.24802372,0.75197628
SRC008,SRC024,0.83462087,0.16537913
SRC008,SRC025,0.14501501,0.85498499
SRC008,SRC026,0.83007959,0.16992041
SRC008,SRC027,0.46350059,0.53649941
SRC008,SRC028,0.43594321,0.56405679
SRC008,SRC029,0.14598880,0.85401120
SRC008,SRC030,0.38945885,0.61054115
SRC008,SRC031,0.08164145,0.91835855
SRC008,SRC032,0.11432650,0.88567350
SRC008,SRC033,0.32763917,0.67236083
SRC008,SRC034,0.37488259,0.62511741
SRC008,SRC035,0.39204935,0.60795065
SRC008,SRC036,0.11325554,0.88674446
SRC008,SRC037,0.07465964,0.92534036
SRC008,SRC038,0.51195330,0.48804670
SRC008,SRC039,0.46970539,0.53029461
SRC008,SRC040,0.81426007,0.18573993
SRC008,SRC041,0.11203411,0.88796589
SRC008,SRC042,0.57961454,0.42038546
SRC008,SRC043,0.05455561,0.94544439
SRC008,SRC044,0.42269880,0.57730120
SRC008,SRC045,0.25146747,0.74853253
SRC008,SRC046,0.90865015,0.09134985
SRC008,SRC047,0.62125062,0.37874938
SRC008,SRC048,0.68836562,0.31163438
SRC008,SRC049,0.77896621,0.22103379
SRC008,SRC050,0.23844840,0.76155160
SRC009,SRC010,0.13911888,0.86088112
SRC009,SRC011,0.42110923,0.57889077
SRC009,SRC012,0.74043037,0.25956963
SRC009,SRC013,0.35041918,0.64958082
SRC009,SRC014,0.48299405,0.51700595
SRC009,SRC015,0.82856416,0.17143584
SRC009,SRC016,0.47187160,0.52812840
SRC009,SRC017,0.50014777,0.49985223
SRC009,SRC018,0.50379173,0.49620827
SRC009,SRC019,0.34463884,0.65536116
SRC009,SRC020,0.37604317,0.62395683
SRC009,SRC021,0.99751719,0.00248281
SRC009,SRC022,0.24265374,0.75734626
SRC009,SRC023,0.41055804,0.58944196
SRC009,SRC024,0.34036486,0.65963514
SRC009,SRC025,0.62996732,0.37003268
SRC009,SRC026,0.15148215,0.84851785
SRC009,SRC027,0.57257447,0.42742553
SRC009,SRC028,0.05818575,0.94181425
SRC009,SRC029,0.81302290,0.18697710
SRC009,SRC030,0.32292125,0.67707875
SRC009,SRC031,0.47137277,0.52862723
SRC009,SRC032,0.68393807,0.31606193
SRC009,SRC033,0.64656416,0.35343584
SRC009,SRC034,0.71278031,0.28721969
SRC009,SRC035,0.27087765,0.72912235
SRC009,SRC036,0.85247384,0.14752616
SRC009,SRC037,0.82865758,0.17134242
SRC009,SRC038,0.03405216,0.96594784
SRC009,SRC039,0.88201756,0.11798244
SRC009,SRC040,0.40509518,0.59490482
SRC009,SRC041,0.05639455,0.94360545
SRC009,SRC042,0.20513998,0.79486002
SRC009,SRC043,0.82254792,0.17745208
SRC009,SRC044,0.08875589,0.91124411
SRC009,SRC045,0.42536408,0.57463592
SRC009,SRC046,0.49752938,0.50247062
SRC009,SRC047,0.01610341,0.98389659
SRC009,SRC048,0.44633228,0.55366772
SRC009,SRC049,0.51126638,0.48873362
SRC009,SRC050,0.10204201,0.89795799
SRC010,SRC011,0.18237903,0.81762097
SRC010,SRC012,0.30095746,0.69904254
SRC010,SRC013,0.12750162,0.87249838
SRC010,SRC014,0.15627624,0.84372376
SRC010,SRC015,0.37430780,0.62569220
SRC010,SRC016,0.01119020,0.98880980
SRC010,SRC017,0.04140961,0.95859039
SRC010,SRC018,0.48575380,0.51424620
SRC010,SRC019,0.15894186,0.84105814
SRC010,SRC020,0.15663298,0.84336702
SRC010,SRC021,0.08798000,0.91202000
SRC010,SRC022,0.73847783,0.26152217
SRC010,SRC023,0.84346771,0.15653229
SRC010,SRC024,0.29511719,0.70488281
SRC010,SRC025,0.54536155,0.45463845
SRC010,SRC026,0.27079586,0.72920414
SRC010,SRC027,0.83436712,0.16563288
SRC010,SRC028,0.67889541,0.32110459
SRC010,SRC029,0.60405319,0.39594681
SRC010,SRC030,0.22099152,0.77900848
SRC010,SRC031,0.77556340,0.22443660
SRC010,SRC032,0.07045318,0.92954682
SRC010,SRC033,0.17844641,0.82155359
SRC010,SRC034,0.59406710,0.40593290
SRC010,SRC035,0.19637298,0.80362702
SRC010,SRC036,0.03030655,0.96969345
SRC010,SRC037,0.24206441,0.75793559
SRC010,SRC038,0.40861833,0.59138167
SRC010,SRC039,0.19752465,0.80247535
SRC010,SRC040,0.62710346,0.37289654
SRC010,SRC041,0.38601434,0.61398566
SRC010,SRC042,0.95775983,0.04224017
SRC010,SRC043,0.07366088,0.92633912
SRC010,SRC044,0.86167036,0.13832964
SRC010,SRC045,0.68706325,0.31293675
SRC010,SRC046,0.69628398,0.30371602
SRC010,SRC047,0.98222159,0.01777841
SRC010,SRC048,0.21574337,0.78425663
SRC010,SRC049,0.30585855,0.69414145
SRC010,SRC050,0.76036809,0.23963191
SRC011,SRC012,0.23654043,0.76345957
SRC011,SRC013,0.93771480,0.06228520
SRC011,SRC014,0.79063164,0.20936836
SRC011,SRC015,0.33244767,0.66755233
SRC011,SRC016,0.97742015,0.02257985
SRC011,SRC017,0.83902763,0.16097237
SRC011,SRC018,0.40834621,0.59165379
SRC011,SRC019,0.90476880,0.09523120
SRC011,SRC020,0.46839297,0.53160703
SRC011,SRC021,0.42002481,0.57997519
SRC011,SRC022,0.38296102,0.61703898
SRC011,SRC023,0.07553823,0.92446177
SRC011,SRC024,0.33360644,0.66639356
SRC011,SRC025,0.17338667,0.82661333
SRC011,SRC026,0.12177882,0.87822118
SRC011,SRC027,0.33109924,0.66890076
SRC011,SRC028,0.56705499,0.43294501
SRC011,SRC029,0.51336428,0.48663572
SRC011,SRC030,0.70167668,0.29832332
SRC011,SRC031,0.09904497,0.90095503
SRC011,SRC032,0.00147162,0.99852838
SRC011,SRC033,0.88730319,0.11269681
SRC011,SRC034,0.25668590,0.74331410
SRC011,SRC035,0.49383600,0.50616400
SRC011,SRC036,0.31801866,0.68198134
SRC011,SRC037,0.34110471,0.65889529
SRC011,SRC038,0.20824301,0.79175699
SRC011,SRC039,0.08331990,0.91668010
SRC011,SRC040,0.28175373,0.71824627
SRC011,SRC041,0.46614956,0.53385044
SRC011,SRC042,0.02533462,0.97466538
SRC011,SRC043,0.25101015,0.74898985
SRC011,SRC044,0.38753892,0.61246108
SRC011,SRC045,0.31702044,0.68297956
SRC011,SRC046,0.12892552,0.87107448
SRC011,SRC047,0.25484647,0.74515353
SRC011,SRC048,0.32598944,0.67401056
SRC011,SRC049,0.23919024,0.76080976
SRC011,SRC050,0.33239697,0.66760303
SRC012,SRC013,0.27232733,0.72767267
SRC012,SRC014,0.19706070,0.80293930
SRC012,SRC015,0.94660185,0.05339815
SRC012,SRC016,0.37494834,0.62505166
SRC012,SRC017,0.18521279,0.81478721
SRC012,SRC018,0.24964857,0.75035143
SRC012,SRC019,0.38821724,0.61178276
SRC012,SRC020,0.04828747,0.95171253
SRC012,SRC021,0.76817058,0.23182942
SRC012,SRC022,0.70543761,0.29456239
SRC012,SRC023,0.12998828,0.87001172
SRC012,SRC024,0.00354587,0.99645413
SRC012,SRC025,0.17146362,0.82853638
SRC012,SRC026,0.20441582,0.79558418
SRC012,SRC027,0.27164291,0.72835709
SRC012,SRC028,0.19505449,0.80494551
SRC012,SRC029,0.54095396,0.45904604
SRC012,SRC030,0.29673215,0.70326785
SRC012,SRC031,0.01442784,0.98557216
SRC012,SRC032,0.85732486,0.14267514
SRC012,SRC033,0.32582332,0.67417668
SRC012,SRC034,0.55958965,0.44041035
SRC012,SRC035,0.31308616,0.68691384
SRC012,SRC036,0.95530979,0.04469021
SRC012,SRC037,0.85080073,0.14919927
SRC012,SRC038,0.31875372,0.68124628
SRC012,SRC039,0.48177597,0.51822403
SRC012,SRC040,0.35877553,0.64122447
SRC012,SRC041,0.22310421,0.77689579
SRC012,SRC042,0.22209145,0.77790855
SRC012,SRC043,0.89042530,0.10957470
SRC012,SRC044,0.51254736,0.48745264
SRC012,SRC045,0.11754119,0.88245881
SRC012,SRC046,0.62261552,0.37738448
SRC012,SRC047,0.41051271,0.58948729
SRC012,SRC048,0.52150901,0.47849099
SRC012,SRC049,0.58225154,0.41774846
SRC012,SRC050,0.13054681,0.86945319
SRC013,SRC014,0.89346888,0.10653112
SRC013,SRC015,0.41781803,0.58218197
SRC013,SRC016,0.97002293,0.02997707
SRC013,SRC017,0.90819957,0.09180043
SRC013,SRC018,0.56705151,0.43294849
SRC013,SRC019,0.79681595,0.20318405
SRC013,SRC020,0.60724710,0.39275290
SRC013,SRC021,0.37083595,0.62916405
SRC013,SRC022,0.17411222,0.82588778
SRC013,SRC023,0.33120567,0.66879433
SRC013,SRC024,0.52603753,0.47396247
SRC013,SRC025,0.31871983,0.68128017
SRC013,SRC026,0.07515812,0.92484188
SRC013,SRC027,0.03149340,0.96850660
SRC013,SRC028,0.40009487,0.59990513
SRC013,SRC029,0.29942974,0.70057026
SRC013,SRC030,0.64607572,0.35392428
SRC013,SRC031,0.30639267,0.69360733
SRC013,SRC032,0.11458030,0.88541970
SRC013,SRC033,0.87610741,0.12389259
SRC013,SRC034,0.00459420,0.99540580
SRC013,SRC035,0.67235645,0.32764355
SRC013,SRC036,0.25639904,0.74360096
SRC013,SRC037,0.19897327,0.80102673
SRC013,SRC038,0.43316499,0.56683501
SRC013,SRC039,0.04029539,0.95970461
SRC013,SRC040,0.06859496,0.93140504
SRC013,SRC041,0.47149358,0.52850642
SRC013,SRC042,0.34293595,0.65706405
SRC013,SRC043,0.13162230,0.86837770
SRC013,SRC044,0.17836283,0.82163717
SRC013,SRC045,0.54863655,0.45136345
SRC013,SRC046,0.39312104,0.60687896
SRC013,SRC047,0.04013055,0.95986945
SRC013,SRC048,0.49473309,0.50526691
SRC013,SRC049,0.42881475,0.57118525
SRC013,SRC050,0.17323335,0.82676665
SRC014,SRC015,0.45277738,0.54722262
SRC014,SRC016,0.83126117,0.16873883
SRC014,SRC017,0.99160388,0.00839612
SRC014,SRC018,0.36911446,0.63088554
SRC014,SRC019,0.49930551,0.50069449
SRC014,SRC020,0.89191796,0.10808204
SRC014,SRC021,0.50134313,0.49865687
SRC014,SRC022,0.13843158,0.86156842
SRC014,SRC023,0.14493689,0.85506311
SRC014,SRC024,0.83488808,0.16511192
SRC014,SRC025,0.03705369,0.96294631
SRC014,SRC026,0.48733292,0.51266708
SRC014,SRC027,0.04272606,0.95727394
SRC014,SRC028,0.16196323,0.83803677
SRC014,SRC029,0.26173926,0.73826074
SRC014,SRC030,0.34473434,0.65526566
SRC014,SRC031,0.10745406,0.89254594
SRC014,SRC032,0.20229109,0.79770891
SRC014,SRC033,0.90241262,0.09758738
SRC014,SRC034,0.08600199,0.91399801
SRC014,SRC035,0.64702130,0.35297870
SRC014,SRC036,0.19152358,0.80847642
SRC014,SRC037,0.10231074,0.89768926
SRC014,SRC038,0.31392251,0.68607749
SRC014,SRC039,0.34392452,0.65607548
SRC014,SRC040,0.27377314,0.72622686
SRC014,SRC041,0.40308653,0.59691347
SRC014,SRC042,0.31476479,0.68523521
SRC014,SRC043,0.06065203,0.93934797
SRC014,SRC044,0.12266488,0.87733512
SRC014,SRC045,0.41282633,0.58717367
SRC014,SRC046,0.56422416,0.43577584
SRC014,SRC047,0.10332705,0.89667295
SRC014,SRC048,0.53242067,0.46757933
SRC014,SRC049,0.52231704,0.47768296
SRC014,SRC050,0.07420825,0.92579175
SRC015,SRC016,0.48157636,0.51842364
SRC015,SRC017,0.42492111,0.57507889
SRC015,SRC018,0.19028644,0.80971356
SRC015,SRC019,0.35279785,0.64720215
SRC015,SRC020,0.26870703,0.73129297
SRC015,SRC021,0.85937335,0.14062665
SRC015,SRC022,0.66359707,0.33640293
SRC015,SRC023,0.12757805,0.87242195
SRC015,SRC024,0.31164482,0.68835518
SRC015,SRC025,0.22109574,0.77890426
SRC015,SRC026,0.08552773,0.91447227
SRC015,SRC027,0.16748557,0.83251443
SRC015,SRC028,0.27078498,0.72921502
SRC015,SRC029,0.50691804,0.49308196
SRC015,SRC030,0.31653996,0.68346004
SRC015,SRC031,0.00848377,0.99151623
SRC015,SRC032,0.70388309,0.29611691
SRC015,SRC033,0.49965280,0.50034720
SRC015,SRC034,0.43281462,0.56718538
SRC015,SRC035,0.14571502,0.85428498
SRC015,SRC036,0.89541256,0.10458744
SRC015,SRC037,0.75279922,0.24720078
SRC015,SRC038,0.32859516,0.67140484
SRC015,SRC039,0.61836448,0.38163552
SRC015,SRC040,0.54995077,0.45004923
SRC015,SRC041,0.16912181,0.83087819
SRC015,SRC042,0.31343135,0.68656865
SRC015,SRC043,0.80104694,0.19895306
SRC015,SRC044,0.51048628,0.48951372
SRC015,SRC045,0.02708140,0.97291860
SRC015,SRC046,0.79243871,0.20756129
SRC015,SRC047,0.47445192,0.52554808
SRC015,SRC048,0.61133111,0.38866889
SRC015,SRC049,0.69078533,0.30921467
SRC015,SRC050,0.18796590,0.81203410
SRC016,SRC017,0.85817316,0.14182684
SRC016,SRC018,0.45087923,0.54912077
SRC016,SRC019,0.89555616,0.10444384
SRC016,SRC020,0.49627509,0.50372491
SRC016,SRC021,0.48127724,0.51872276
SRC016,SRC022,0.19200081,0.80799919
SRC016,SRC023,0.21504300,0.78495700
SRC016,SRC024,0.38985631,0.61014369
SRC016,SRC025,0.23181207,0.76818793
SRC016,SRC026,0.07991441,0.92008559
SRC016,SRC027,0.21590335,0.78409665
SRC016,SRC028,0.41955589,0.58044411
SRC016,SRC029,0.46033507,0.53966493
SRC016,SRC030,0.61684696,0.38315304
SRC016,SRC031,0.21746436,0.78253564
SRC016,SRC032,0.06917268,0.93082732
SRC016,SRC033,0.88082760,0.11917240
SRC016,SRC034,0.20922021,0.79077979
SRC016,SRC035,0.48597827,0.51402173
SRC016,SRC036,0.40885561,0.59114439
SRC016,SRC037,0.37587682,0.62412318
SRC016,SRC038,0.29123466,0.70876534
SRC016,SRC039,0.10974648,0.89025352
SRC016,SRC040,0.12753180,0.87246820
SRC016,SRC041,0.36913858,0.63086142
SRC016,SRC042,0.19918790,0.80081210
SRC016,SRC043,0.32044143,0.67955857
SRC016,SRC044,0.19113269,0.80886731
SRC016,SRC045,0.40788239,0.59211761
SRC016,SRC046,0.30519201,0.69480799
SRC016,SRC047,0.05128412,0.94871588
SRC016,SRC048,0.40335399,0.59664601
SRC016,SRC049,0.34075648,0.65924352
SRC016,SRC050,0.18476577,0.81523423
SRC017,SRC018,0.33074081,0.66925919
SRC017,SRC019,0.55302257,0.44697743
SRC017,SRC020,0.86336276,0.13663724
SRC017,SRC021,0.51488705,0.48511295
SRC017,SRC022,0.21697703,0.78302297
SRC017,SRC023,0.06862971,0.93137029
SRC017,SRC024,0.79046014,0.20953986
SRC017,SRC025,0.00542526,0.99457474
SRC017,SRC026,0.42913470,0.57086530
SRC017,SRC027,0.06438803,0.93561197
SRC017,SRC028,0.27883218,0.72116782
SRC017,SRC029,0.34926315,0.65073685
SRC017,SRC030,0.40399227,0.59600773
SRC017,SRC031,0.03045338,0.96954662
SRC017,SRC032,0.18280587,0.81719413
SRC017,SRC033,0.94494617,0.05505383
SRC017,SRC034,0.00796772,0.99203228
SRC017,SRC035,0.64960942,0.35039058
SRC017,SRC036,0.20633637,0.79366363
SRC017,SRC037,0.15146928,0.84853072
SRC017,SRC038,0.31451434,0.68548566
SRC017,SRC039,0.35086792,0.64913208
SRC017,SRC040,0.17273983,0.82726017
SRC017,SRC041,0.48476100,0.51523900
SRC017,SRC042,0.21551185,0.78448815
SRC017,SRC043,0.07988046,0.92011954
SRC017,SRC044,0.23368056,0.76631944
SRC017,SRC045,0.34928577,0.65071423
SRC017,SRC046,0.49197693,0.50802307
SRC017,SRC047,0.01296955,0.98703045
SRC017,SRC048,0.54489969,0.45510031
SRC017,SRC049,0.51707685,0.48292315
SRC017,SRC050,0.19393031,0.80606969
SRC018,SRC019,0.39676597,0.60323403
SRC018,SRC020,0.19341489,0.80658511
SRC018,SRC021,0.48006537,0.51993463
SRC018,SRC022,0.14572531,0.85427469
SRC018,SRC023,0.81906142,0.18093858
SRC018,SRC024,0.17448750,0.82551250
SRC018,SRC025,0.92769862,0.07230138
SRC018,SRC026,0.06694161,0.93305839
SRC018,SRC027,0.62376917,0.37623083
SRC018,SRC028,0.11723146,0.88276854
SRC018,SRC029,0.54642771,0.45357229
SRC018,SRC030,0.70949211,0.29050789
SRC018,SRC031,0.87148602,0.12851398
SRC018,SRC032,0.58616744,0.41383256
SRC018,SRC033,0.12654542,0.87345458
SRC018,SRC034,0.66442455,0.33557545
SRC018,SRC035,0.69817184,0.30182816
SRC018,SRC036,0.40296070,0.59703930
SRC018,SRC037,0.51461616,0.48538384
SRC018,SRC038,0.33676049,0.66323951
SRC018,SRC039,0.72285468,0.27714532
SRC018,SRC040,0.20009479,0.79990521
SRC018,SRC041,0.16841765,0.83158235
SRC018,SRC042,0.67964013,0.32035987
SRC018,SRC043,0.47690952,0.52309048
SRC018,SRC044,0.07660764,0.92339236
SRC018,SRC045,0.96443797,0.03556203
SRC018,SRC046,0.06356509,0.93643491
SRC018,SRC047,0.32004796,0.67995204
SRC018,SRC048,0.03446227,0.96553773
SRC018,SRC049,0.10272327,0.89727673
SRC018,SRC050,0.26063117,0.73936883
SRC019,SRC020,0.06958655,0.93041345
SRC019,SRC021,0.34149888,0.65850112
SRC019,SRC022,0.24447592,0.75552408
SRC019,SRC023,0.17757828,0.82242172
SRC019,SRC024,0.05952910,0.94047090
SRC019,SRC025,0.31040392,0.68959608
SRC019,SRC026,0.51206855,0.48793145
SRC019,SRC027,0.40065778,0.59934222
SRC019,SRC028,0.55907840,0.44092160
SRC019,SRC029,0.52471954,0.47528046
SRC019,SRC030,0.70657032,0.29342968
SRC019,SRC031,0.21835904,0.78164096
SRC019,SRC032,0.24667920,0.75332080
SRC019,SRC033,0.66370645,0.33629355
SRC019,SRC034,0.40607802,0.59392198
SRC019,SRC035,0.24618631,0.75381369
SRC019,SRC036,0.45980255,0.54019745
SRC019,SRC037,0.49312897,0.50687103
SRC019,SRC038,0.17419649,0.82580351
SRC019,SRC039,0.10062233,0.89937767
SRC019,SRC040,0.44890811,0.55109189
SRC019,SRC041,0.27772246,0.72227754
SRC019,SRC042,0.01276763,0.98723237
SRC019,SRC043,0.43214556,0.56785444
SRC019,SRC044,0.25321612,0.74678388
SRC019,SRC045,0.28269582,0.71730418
SRC019,SRC046,0.01616692,0.98383308
SRC019,SRC047,0.21654849,0.78345151
SRC019,SRC048,0.18246514,0.81753486
SRC019,SRC049,0.08788109,0.91211891
SRC019,SRC050,0.26365778,0.73634222
SRC020,SRC021,0.39051657,0.60948343
SRC020,SRC022,0.14801893,0.85198107
SRC020,SRC023,0.01515963,0.98484037
SRC020,SRC024,0.98006446,0.01993554
SRC020,SRC025,0.16216277,0.83783723
SRC020,SRC026,0.81785302,0.18214698
SRC020,SRC027,0.18983589,0.81016411
SRC020,SRC028,0.05082390,0.94917610
SRC020,SRC029,0.06528560,0.93471440
SRC020,SRC030,0.06430000,0.93570000
SRC020,SRC031,0.05649727,0.94350273
SRC020,SRC032,0.39362721,0.60637279
SRC020,SRC033,0.71090256,0.28909744
SRC020,SRC034,0.27370796,0.72629204
SRC020,SRC035,0.60221998,0.39778002
SRC020,SRC036,0.05786703,0.94213297
SRC020,SRC037,0.15240120,0.84759880
SRC020,SRC038,0.17817372,0.82182628
SRC020,SRC039,0.45727797,0.54272203
SRC020,SRC040,0.48893469,0.51106531
SRC020,SRC041,0.33629670,0.66370330
SRC020,SRC042,0.25498441,0.74501559
SRC020,SRC043,0.17590234,0.82409766
SRC020,SRC044,0.10600999,0.89399001
SRC020,SRC045,0.27619087,0.72380913
SRC020,SRC046,0.56412448,0.43587552
SRC020,SRC047,0.12267987,0.87732013
SRC020,SRC048,0.44594153,0.55405847
SRC020,SRC049,0.47628120,0.52371880
SRC020,SRC050,0.00424872,0.99575128
SRC021,SRC022,0.28994651,0.71005349
SRC021,SRC023,0.36270218,0.63729782
SRC021,SRC024,0.36509888,0.63490112
SRC021,SRC025,0.60505392,0.39494608
SRC021,SRC026,0.17024969,0.82975031
SRC021,SRC027,0.53444787,0.46555213
SRC021,SRC028,0.06930419,0.93069581
SRC021,SRC029,0.79413497,0.20586503
SRC021,SRC030,0.32511839,0.67488161
SRC021,SRC031,0.43820872,0.56179128
SRC021,SRC032,0.68218686,0.31781314
SRC021,SRC033,0.65538013,0.34461987
SRC021,SRC034,0.68300357,0.31699643
SRC021,SRC035,0.23651078,0.76348922
SRC021,SRC036,0.86186693,0.13813307
SRC021,SRC037,0.82624764,0.17375236
SRC021,SRC038,0.03008617,0.96991383
SRC021,SRC039,0.87647286,0.12352714
SRC021,SRC040,0.43112543,0.56887457
SRC021,SRC041,0.03873715,0.96126285
SRC021,SRC042,0.14976376,0.85023624
SRC021,SRC043,0.81814481,0.18185519
SRC021,SRC044,0.12192531,0.87807469
SRC021,SRC045,0.38856052,0.61143948
SRC021,SRC046,0.55103320,0.44896680
SRC021,SRC047,0.03320855,0.96679145
SRC021,SRC048,0.49992514,0.50007486
SRC021,SRC049,0.56569784,0.43430216
SRC021,SRC050,0.09388899,0.90611101
SRC022,SRC023,0.43464385,0.56535615
SRC022,SRC024,0.01579129,0.98420871
SRC022,SRC025,0.03312426,0.96687574
SRC022,SRC026,0.08010624,0.91989376
SRC022,SRC027,0.34980551,0.65019449
SRC022,SRC028,0.65856925,0.34143075
SRC022,SRC029,0.13440316,0.86559684
SRC022,SRC030,0.61660617,0.38339383
SRC022,SRC031,0.29035654,0.70964346
SRC022,SRC032,0.52744470,0.47255530
SRC022,SRC033,0.23826604,0.76173396
SRC022,SRC034,0.02704822,0.97295178
SRC022,SRC035,0.29005344,0.70994656
SRC022,SRC036,0.50511596,0.49488404
SRC022,SRC037,0.30528921,0.69471079
SRC022,SRC038,0.39183430,0.60816570
SRC022,SRC039,0.21339074,0.78660926
SRC022,SRC040,0.65574864,0.34425136
SRC022,SRC041,0.45521556,0.54478444
SRC022,SRC042,0.58274960,0.41725040
SRC022,SRC043,0.42647199,0.57352801
SRC022,SRC044,0.88550229,0.11449771
SRC022,SRC045,0.08469166,0.91530834
SRC022,SRC046,0.71500515,0.28499485
SRC022,SRC047,0.83551148,0.16448852
SRC022,SRC048,0.38868040,0.61131960
SRC022,SRC049,0.50408287,0.49591713
SRC022,SRC050,0.51997163,0.48002837
SRC023,SRC024,0.06704710,0.93295290
SRC023,SRC025,0.89248316,0.10751684
SRC023,SRC026,0.08268485,0.91731515
SRC023,SRC027,0.77498150,0.22501850
SRC023,SRC028,0.25062221,0.74937779
SRC023,SRC029,0.61994493,0.38005507
SRC023,SRC030,0.29759207,0.70240793
SRC023,SRC031,0.96662341,0.03337659
SRC023,SRC032,0.24063694,0.75936306
SRC023,SRC033,0.12042568,0.87957432
SRC023,SRC034,0.63501198,0.36498802
SRC023,SRC035,0.43678531,0.56321469
SRC023,SRC036,0.12836889,0.87163111
SRC023,SRC037,0.32940966,0.67059034
SRC023,SRC038,0.52761872,0.47238128
SRC023,SRC039,0.61501268,0.38498732
SRC023,SRC040,0.12472488,0.87527512
SRC023,SRC041,0.11215887,0.88784113
SRC023,SRC042,0.92624041,0.07375959
SRC023,SRC043,0.23072486,0.76927514
SRC023,SRC044,0.56388421,0.43611579
SRC023,SRC045,0.90741166,0.09258834
SRC023,SRC046,0.38757952,0.61242048
SRC023,SRC047,0.74539390,0.25460610
SRC023,SRC048,0.14176418,0.85823582
SRC023,SRC049,0.13805442,0.86194558
SRC023,SRC050,0.51571966,0.48428034
SRC024,SRC025,0.14982012,0.85017988
SRC024,SRC026,0.88548654,0.11451346
SRC024,SRC027,0.30964168,0.69035832
SRC024,SRC028,0.17107771,0.82892229
SRC024,SRC029,0.03197113,0.96802887
SRC024,SRC030,0.05565780,0.94434220
SRC024,SRC031,0.00761449,0.99238551
SRC024,SRC032,0.38050339,0.61949661
SRC024,SRC033,0.61857768,0.38142232
SRC024,SRC034,0.35836503,0.64163497
SRC024,SRC035,0.59267272,0.40732728
SRC024,SRC036,0.06078469,0.93921531
SRC024,SRC037,0.18763746,0.81236254
SRC024,SRC038,0.27238240,0.72761760
SRC024,SRC039,0.46044523,0.53955477
SRC024,SRC040,0.60676378,0.39323622
SRC024,SRC041,0.29159300,0.70840700
SRC024,SRC042,0.36865136,0.63134864
SRC024,SRC043,0.19793241,0.80206759
SRC024,SRC044,0.03191203,0.96808797
SRC024,SRC045,0.30155618,0.69844382
SRC024,SRC046,0.67657565,0.32342435
SRC024,SRC047,0.27145364,0.72854636
SRC024,SRC048,0.51608337,0.48391663
SRC024,SRC049,0.56481180,0.43518820
SRC024,SRC050,0.08214755,0.91785245
SRC025,SRC026,0.31486184,0.68513816
SRC025,SRC027,0.63864032,0.36135968
SRC025,SRC028,0.02542954,0.97457046
SRC025,SRC029,0.62555548,0.37444452
SRC025,SRC030,0.59811713,0.40188287
SRC025,SRC031,0.94355753,0.05644247
SRC025,SRC032,0.41417056,0.58582944
SRC025,SRC033,0.17248805,0.82751195
SRC025,SRC034,0.61084700,0.38915300
SRC025,SRC035,0.46087606,0.53912394
SRC025,SRC036,0.35263349,0.64736651
SRC025,SRC037,0.46242650,0.53757350
SRC025,SRC038,0.31601717,0.68398283
SRC025,SRC039,0.86751539,0.13248461
SRC025,SRC040,0.26822385,0.73177615
SRC025,SRC041,0.01918783,0.98081217
SRC025,SRC042,0.68297349,0.31702651
SRC025,SRC043,0.39516727,0.60483273
SRC025,SRC044,0.23891956,0.76108044
SRC025,SRC045,0.89607603,0.10392397
SRC025,SRC046,0.03981318,0.96018682
SRC025,SRC047,0.40136083,0.59863917
SRC025,SRC048,0.15643053,0.84356947
SRC025,SRC049,0.21739916,0.78260084
SRC025,SRC050,0.35078148,0.64921852
SRC026,SRC027,0.40611093,0.59388907
SRC026,SRC028,0.38389894,0.61610106
SRC026,SRC029,0.23676872,0.76323128
SRC026,SRC030,0.37475886,0.62524114
SRC026,SRC031,0.15778933,0.84221067
SRC026,SRC032,0.44083750,0.55916250
SRC026,SRC033,0.23823368,0.76176632
SRC026,SRC034,0.46302831,0.53697169
SRC026,SRC035,0.37739560,0.62260440
SRC026,SRC036,0.26825014,0.73174986
SRC026,SRC037,0.37976904,0.62023096
SRC026,SRC038,0.10890318,0.89109682
SRC026,SRC039,0.46879486,0.53120514
SRC026,SRC040,0.71150855,0.28849145
SRC026,SRC041,0.12914711,0.87085289
SRC026,SRC042,0.25334553,0.74665447
SRC026,SRC043,0.36501346,0.63498654
SRC026,SRC044,0.10023746,0.89976254
SRC026,SRC045,0.08497092,0.91502908
SRC026,SRC046,0.55331704,0.44668296
SRC026,SRC047,0.27971175,0.72028825
SRC026,SRC048,0.33532154,0.66467846
SRC026,SRC049,0.41951735,0.58048265
SRC026,SRC050,0.16437756,0.83562244
SRC027,SRC028,0.55379107,0.44620893
SRC027,SRC029,0.91906159,0.08093841
SRC027,SRC030,0.05426747,0.94573253
SRC027,SRC031,0.75989081,0.24010919
SRC027,SRC032,0.57111540,0.42888460
SRC027,SRC033,0.36307709,0.63692291
SRC027,SRC034,0.93003546,0.06996454
SRC027,SRC035,0.40157279,0.59842721
SRC027,SRC036,0.52474922,0.47525078
SRC027,SRC037,0.73612296,0.26387704
SRC027,SRC038,0.27255190,0.72744810
SRC027,SRC039,0.47201799,0.52798201
SRC027,SRC040,0.42397111,0.57602889
SRC027,SRC041,0.22153040,0.77846960
SRC027,SRC042,0.84137306,0.15862694
SRC027,SRC043,0.60077723,0.39922277
SRC027,SRC044,0.56202093,0.43797907
SRC027,SRC045,0.75506566,0.24493434
SRC027,SRC046,0.35910458,0.64089542
SRC027,SRC047,0.75304205,0.24695795
SRC027,SRC048,0.04076147,0.95923853
SRC027,SRC049,0.01214069,0.98785931
SRC027,SRC050,0.65879835,0.34120165
SRC028,SRC029,0.46432296,0.53567704
SRC028,SRC030,0.76338488,0.23661512
SRC028,SRC031,0.26734269,0.73265731
SRC028,SRC032,0.13797954,0.86202046
SRC028,SRC033,0.45637947,0.54362053
SRC028,SRC034,0.28932431,0.71067569
SRC028,SRC035,0.41636922,0.58363078
SRC028,SRC036,0.06604601,0.93395399
SRC028,SRC037,0.15372965,0.84627035
SRC028,SRC038,0.26304999,0.73695001
SRC028,SRC039,0.20256206,0.79743794
SRC028,SRC040,0.83729690,0.16270310
SRC028,SRC041,0.82443408,0.17556592
SRC028,SRC042,0.45743388,0.54256612
SRC028,SRC043,0.09213251,0.90786749
SRC028,SRC044,0.86752195,0.13247805
SRC028,SRC045,0.07737446,0.92262554
SRC028,SRC046,0.45353868,0.54646132
SRC028,SRC047,0.76332454,0.23667546
SRC028,SRC048,0.21659688,0.78340312
SRC028,SRC049,0.04512433,0.95487567
SRC028,SRC050,0.89791360,0.10208640
SRC029,SRC030,0.02112585,0.97887415
SRC029,SRC031,0.66110638,0.33889362
SRC029,SRC032,0.65896954,0.34103046
SRC029,SRC033,0.62293162,0.37706838
SRC029,SRC034,0.91695921,0.08304079
SRC029,SRC035,0.25480104,0.74519896
SRC029,SRC036,0.74190975,0.25809025
SRC029,SRC037,0.87642536,0.12357464
SRC029,SRC038,0.04223378,0.95776622
SRC029,SRC039,0.65054602,0.34945398
SRC029,SRC040,0.17803726,0.82196274
SRC029,SRC041,0.26325915,0.73674085
SRC029,SRC042,0.59403058,0.40596942
SRC029,SRC043,0.75003245,0.24996755
SRC029,SRC044,0.38753981,0.61246019
SRC029,SRC045,0.60467481,0.39532519
SRC029,SRC046,0.01963677,0.98036323
SRC029,SRC047,0.51444247,0.48555753
SRC029,SRC048,0.34697674,0.65302326
SRC029,SRC049,0.31676509,0.68323491
SRC029,SRC050,0.57872495,0.42127505
SRC030,SRC031,0.35683806,0.64316194
SRC030,SRC032,0.43081817,0.56918183
SRC030,SRC033,0.40424884,0.59575116
SRC030,SRC034,0.14838715,0.85161285
SRC030,SRC035,0.65375510,0.34624490
SRC030,SRC036,0.27197130,0.72802870
SRC030,SRC037,0.18243628,0.81756372
SRC030,SRC038,0.25991084,0.74008916
SRC030,SRC039,0.59321639,0.40678361
SRC030,SRC040,0.74150908,0.25849092
SRC030,SRC041,0.59761328,0.40238672
SRC030,SRC042,0.04707780,0.95292220
SRC030,SRC043,0.30879874,0.69120126
SRC030,SRC044,0.57055592,0.42944408
SRC030,SRC045,0.52870917,0.47129083
SRC030,SRC046,0.35113632,0.64886368
SRC030,SRC047,0.38142338,0.61857662
SRC030,SRC048,0.01229630,0.98770370
SRC030,SRC049,0.14759288,0.85240712
SRC030,SRC050,0.41914998,0.58085002
SRC031,SRC032,0.29511620,0.70488380
SRC031,SRC033,0.17672513,0.82327487
SRC031,SRC034,0.63211536,0.36788464
SRC031,SRC035,0.36542558,0.63457442
SRC031,SRC036,0.20689834,0.79310166
SRC031,SRC037,0.39666784,0.60333216
SRC031,SRC038,0.31080149,0.68919851
SRC031,SRC039,0.69508268,0.30491732
SRC031,SRC040,0.05111380,0.94888620
SRC031,SRC041,0.22895601,0.77104399
SRC031,SRC042,0.85286076,0.14713924
SRC031,SRC043,0.26366652,0.73633348
SRC031,SRC044,0.52377467,0.47622533
SRC031,SRC045,0.91814435,0.08185565
SRC031,SRC046,0.22228824,0.77771176
SRC031,SRC047,0.66683970,0.33316030
SRC031,SRC048,0.09153432,0.90846568
SRC031,SRC049,0.09590960,0.90409040
SRC031,SRC050,0.59798451,0.40201549
SRC032,SRC033,0.05067405,0.94932595
SRC032,SRC034,0.82483952,0.17516048
SRC032,SRC035,0.70710189,0.29289811
SRC032,SRC036,0.92014209,0.07985791
SRC032,SRC037,0.92106184,0.07893816
SRC032,SRC038,0.05781093,0.94218907
SRC032,SRC039,0.49611353,0.50388647
SRC032,SRC040,0.14160645,0.85839355
SRC032,SRC041,0.37273147,0.62726853
SRC032,SRC042,0.22301869,0.77698131
SRC032,SRC043,0.95690966,0.04309034
SRC032,SRC044,0.33893874,0.66106126
SRC032,SRC045,0.52869496,0.47130504
SRC032,SRC046,0.20393933,0.79606067
SRC032,SRC047,0.07941973,0.92058027
SRC032,SRC048,0.17576202,0.82423798
SRC032,SRC049,0.23300926,0.76699074
SRC032,SRC050,0.01418007,0.98581993
SRC033,SRC034,0.28780249,0.71219751
SRC033,SRC035,0.50421742,0.49578258
SRC033,SRC036,0.40293342,0.59706658
SRC033,SRC037,0.41258368,0.58741632
SRC033,SRC038,0.31559415,0.68440585
SRC033,SRC039,0.45585816,0.54414184
SRC033,SRC040,0.01893876,0.98106124
SRC033,SRC041,0.56019314,0.43980686
SRC033,SRC042,0.01137372,0.98862628
SRC033,SRC043,0.29124302,0.70875698
SRC033,SRC044,0.36186937,0.63813063
SRC033,SRC045,0.11434160,0.88565840
SRC033,SRC046,0.39732665,0.60267335
SRC033,SRC047,0.20352352,0.79647648
SRC033,SRC048,0.60631024,0.39368976
SRC033,SRC049,0.55841944,0.44158056
SRC033,SRC050,0.41408199,0.58591801
SRC034,SRC035,0.59685451,0.40314549
SRC034,SRC036,0.76776608,0.23223392
SRC034,SRC037,0.90489415,0.09510585
SRC034,SRC038,0.26618637,0.73381363
SRC034,SRC039,0.55057287,0.44942713
SRC034,SRC040,0.20688124,0.79311876
SRC034,SRC041,0.05546049,0.94453951
SRC034,SRC042,0.66861916,0.33138084
SRC034,SRC043,0.84354514,0.15645486
SRC034,SRC044,0.22174441,0.77825559
SRC034,SRC045,0.73170792,0.26829208
SRC034,SRC046,0.15702348,0.84297652
SRC034,SRC047,0.47321598,0.52678402
SRC034,SRC048,0.06277552,0.93722448
SRC034,SRC049,0.05718020,0.94281980
SRC034,SRC050,0.39801023,0.60198977
SRC035,SRC036,0.42354886,0.57645114
SRC035,SRC037,0.45753856,0.54246144
SRC035,SRC038,0.63093992,0.36906008
SRC035,SRC039,0.30357033,0.69642967
SRC035,SRC040,0.13063315,0.86936685
SRC035,SRC041,0.73732179,0.26267821
SRC035,SRC042,0.44858794,0.55141206
SRC035,SRC043,0.58393908,0.41606092
SRC035,SRC044,0.32053483,0.67946517
SRC035,SRC045,0.68968309,0.31031691
SRC035,SRC046,0.24955442,0.75044558
SRC035,SRC047,0.04545788,0.95454212
SRC035,SRC048,0.47565638,0.52434362
SRC035,SRC049,0.38246720,0.61753280
SRC035,SRC050,0.27251276,0.72748724
SRC036,SRC037,0.95907614,0.04092386
SRC036,SRC038,0.12255450,0.87744550
SRC036,SRC039,0.59545008,0.40454992
SRC036,SRC040,0.24020516,0.75979484
SRC036,SRC041,0.19752152,0.80247848
SRC036,SRC042,0.05222839,0.94777161
SRC036,SRC043,0.97582588,0.02417412
SRC036,SRC044,0.31281550,0.68718450
SRC036,SRC045,0.32363934,0.67636066
SRC036,SRC046,0.44898869,0.55101131
SRC036,SRC047,0.15433176,0.84566824
SRC036,SRC048,0.41738083,0.58261917
SRC036,SRC049,0.46673999,0.53326001
SRC036,SRC050,0.01307268,0.98692732
SRC037,SRC038,0.05480106,0.94519894
SRC037,SRC039,0.58812515,0.41187485
SRC037,SRC040,0.01874208,0.98125792
SRC037,SRC041,0.05922634,0.94077366
SRC037,SRC042,0.30523770,0.69476230
SRC037,SRC043,0.95995405,0.04004595
SRC037,SRC044,0.06344894,0.93655106
SRC037,SRC045,0.49530077,0.50469923
SRC037,SRC046,0.22970687,0.77029313
SRC037,SRC047,0.11989490,0.88010510
SRC037,SRC048,0.36505564,0.63494436
SRC037,SRC049,0.38039431,0.61960569
SRC037,SRC050,0.25073053,0.74926947
SRC038,SRC039,0.12723030,0.87276970
SRC038,SRC040,0.02247980,0.97752020
SRC038,SRC041,0.59344778,0.40655222
SRC038,SRC042,0.55371145,0.44628855
SRC038,SRC043,0.07991490,0.92008510
SRC038,SRC044,0.09346116,0.90653884
SRC038,SRC045,0.44027383,0.55972617
SRC038,SRC046,0.56019803,0.43980197
SRC038,SRC047,0.35473026,0.64526974
SRC038,SRC048,0.85088857,0.14911143
SRC038,SRC049,0.79316378,0.20683622
SRC038,SRC050,0.28001435,0.71998565
SRC039,SRC040,0.56953641,0.43046359
SRC039,SRC041,0.04902452,0.95097548
SRC039,SRC042,0.31655923,0.68344077
SRC039,SRC043,0.57353964,0.42646036
SRC039,SRC044,0.04272462,0.95727538
SRC039,SRC045,0.61199040,0.38800960
SRC039,SRC046,0.46953068,0.53046932
SRC039,SRC047,0.05464499,0.94535501
SRC039,SRC048,0.40225979,0.59774021
SRC039,SRC049,0.49697438,0.50302562
SRC039,SRC050,0.11577044,0.88422956
SRC040,SRC041,0.46123918,0.53876082
SRC040,SRC042,0.46666351,0.53333649
SRC040,SRC043,0.17687397,0.82312603
SRC040,SRC044,0.71374393,0.28625607
SRC040,SRC045,0.04041473,0.95958527
SRC040,SRC046,0.79262387,0.20737613
SRC040,SRC047,0.71968888,0.28031112
SRC040,SRC048,0.26130445,0.73869555
SRC040,SRC049,0.42634500,0.57365500
SRC040,SRC050,0.63211348,0.36788652
SRC041,SRC042,0.15047473,0.84952527
SRC041,SRC043,0.32303918,0.67696082
SRC041,SRC044,0.73316102,0.26683898
SRC041,SRC045,0.08736866,0.91263134
SRC041,SRC046,0.03433015,0.96566985
SRC041,SRC047,0.47760977,0.52239023
SRC041,SRC048,0.58511790,0.41488210
SRC041,SRC049,0.44601946,0.55398054
SRC041,SRC050,0.84545811,0.15454189
SRC042,SRC043,0.18709594,0.81290406
SRC042,SRC044,0.69080501,0.30919499
SRC042,SRC045,0.84592339,0.15407661
SRC042,SRC046,0.67020086,0.32979914
SRC042,SRC047,0.89408552,0.10591448
SRC042,SRC048,0.31091524,0.68908476
SRC042,SRC049,0.35703206,0.64296794
SRC042,SRC050,0.60886260,0.39113740
SRC043,SRC044,0.28575591,0.71424409
SRC043,SRC045,0.42881341,0.57118659
SRC043,SRC046,0.28342156,0.71657844
SRC043,SRC047,0.06097692,0.93902308
SRC043,SRC048,0.21835158,0.78164842
SRC043,SRC049,0.27253987,0.72746013
SRC043,SRC050,0.02404350,0.97595650
SRC044,SRC045,0.28535509,0.71464491
SRC044,SRC046,0.60446298,0.39553702
SRC044,SRC047,0.93026812,0.06973188
SRC044,SRC048,0.02756840,0.97243160
SRC044,SRC049,0.16674201,0.83325799
SRC044,SRC050,0.85539748,0.14460252
SRC045,SRC046,0.29969834,0.70030166
SRC045,SRC047,0.54330909,0.45669091
SRC045,SRC048,0.09969386,0.90030614
SRC045,SRC049,0.06786357,0.93213643
SRC045,SRC050,0.39789811,0.60210189
SRC046,SRC047,0.74313071,0.25686929
SRC046,SRC048,0.73108823,0.26891177
SRC046,SRC049,0.82555760,0.17444240
SRC046,SRC050,0.33302165,0.66697835
SRC047,SRC048,0.23044702,0.76955298
SRC047,SRC049,0.34364112,0.65635888
SRC047,SRC050,0.78429184,0.21570816
SRC048,SRC049,0.98337402,0.01662598
SRC048,SRC050,0.37701066,0.62298934
SRC049,SRC050,0.24133682,0.75866318
