station_id,network,latitude_deg,longitude_deg,elevation_m,burial_m,sector,base_station_id,distance_deg,initial_azimuth_deg
AU090AM20p0,AX,20.00000000,90.00000000,0.0,0.0,A,U090AM20p0,90.00000000,70.00000000
AU090AM15p0,AX,15.00000000,90.00000000,0.0,0.0,A,U090AM15p0,90.00000000,75.00000000
AU090AM10p0,AX,10.00000000,90.00000000,0.0,0.0,A,U090AM10p0,90.00000000,80.00000000
AU090AM05p0,AX,5.00000000,90.00000000,0.0,0.0,A,U090AM05p0,90.00000000,85.00000000
AU090AM03p5,AX,3.50000000,90.00000000,0.0,0.0,A,U090AM03p5,90.00000000,86.50000000
AU090AM03p0,AX,3.00000000,90.00000000,0.0,0.0,A,U090AM03p0,90.00000000,87.00000000
AU090AM02p5,AX,2.50000000,90.00000000,0.0,0.0,A,U090AM02p5,90.00000000,87.50000000
AU090AM02p0,AX,2.00000000,90.00000000,0.0,0.0,A,U090AM02p0,90.00000000,88.00000000
AU090AP00p0,AX,0.00000000,90.00000000,0.0,0.0,A,U090AP00p0,90.00000000,90.00000000
AU090AP02p0,AX,-2.00000000,90.00000000,0.0,0.0,A,U090AP02p0,90.00000000,92.00000000
AU090AP02p5,AX,-2.50000000,90.00000000,0.0,0.0,A,U090AP02p5,90.00000000,92.50000000
AU090AP03p0,AX,-3.00000000,90.00000000,0.0,0.0,A,U090AP03p0,90.00000000,93.00000000
AU090AP03p5,AX,-3.50000000,90.00000000,0.0,0.0,A,U090AP03p5,90.00000000,93.50000000
AU090AP05p0,AX,-5.00000000,90.00000000,0.0,0.0,A,U090AP05p0,90.00000000,95.00000000
AU090AP10p0,AX,-10.00000000,90.00000000,0.0,0.0,A,U090AP10p0,90.00000000,100.00000000
AU090AP15p0,AX,-15.00000000,90.00000000,0.0,0.0,A,U090AP15p0,90.00000000,105.00000000
AU090AP20p0,AX,-20.00000000,90.00000000,0.0,0.0,A,U090AP20p0,90.00000000,110.00000000
AU095AM20p0,AX,19.92066436,95.31910334,0.0,0.0,A,U095AM20p0,95.00000000,70.00000000
AU095AM15p0,AX,14.94158761,95.17543923,0.0,0.0,A,U095AM15p0,95.00000000,75.00000000
AU095AM10p0,AX,9.96155810,95.07673302,0.0,0.0,A,U095AM10p0,95.00000000,80.00000000
AU095AM05p0,AX,4.98092532,95.01900182,0.0,0.0,A,U095AM05p0,95.00000000,85.00000000
AU095AM03p5,AX,3.48666495,95.00929594,0.0,0.0,A,U095AM03p5,95.00000000,86.50000000
AU095AM03p0,AX,2.98857371,95.00682688,0.0,0.0,A,U095AM03p0,95.00000000,87.00000000
AU095AM02p5,AX,2.49048074,95.00473924,0.0,0.0,A,U095AM02p5,95.00000000,87.50000000
AU095AM02p0,AX,1.99238632,95.00303226,0.0,0.0,A,U095AM02p0,95.00000000,88.00000000
AU095AP00p0,AX,0.00000000,95.00000000,0.0,0.0,A,U095AP00p0,95.00000000,90.00000000
AU095AP02p0,AX,-1.99238632,95.00303226,0.0,0.0,A,U095AP02p0,95.00000000,92.00000000
AU095AP02p5,AX,-2.49048074,95.00473924,0.0,0.0,A,U095AP02p5,95.00000000,92.50000000
AU095AP03p0,AX,-2.98857371,95.00682688,0.0,0.0,A,U095AP03p0,95.00000000,93.00000000
AU095AP03p5,AX,-3.48666495,95.00929594,0.0,0.0,A,U095AP03p5,95.00000000,93.50000000
AU095AP05p0,AX,-4.98092532,95.01900182,0.0,0.0,A,U095AP05p0,95.00000000,95.00000000
AU095AP10p0,AX,-9.96155810,95.07673302,0.0,0.0,A,U095AP10p0,95.00000000,100.00000000
AU095AP15p0,AX,-14.94158761,95.17543923,0.0,0.0,A,U095AP15p0,95.00000000,105.00000000
AU095AP20p0,AX,-19.92066436,95.31910334,0.0,0.0,A,U095AP20p0,95.00000000,110.00000000
AU100AM20p0,AX,19.68349808,100.62758414,0.0,0.0,A,U100AM20p0,100.00000000,70.00000000
AU100AM15p0,AX,14.76688961,100.34527005,0.0,0.0,A,U100AM15p0,100.00000000,75.00000000
AU100AM10p0,AX,9.84655194,100.15108171,0.0,0.0,A,U100AM10p0,100.00000000,80.00000000
AU100AM05p0,AX,4.92384975,100.03742305,0.0,0.0,A,U100AM05p0,100.00000000,85.00000000
AU100AM03p5,AX,3.44676240,100.01830865,0.0,0.0,A,U100AM03p5,100.00000000,86.50000000
AU100AM03p0,AX,2.95438251,100.01344590,0.0,0.0,A,U100AM03p0,100.00000000,87.00000000
AU100AM02p5,AX,2.46199581,100.00933429,0.0,0.0,A,U100AM02p5,100.00000000,87.50000000
AU100AM02p0,AX,1.96960344,100.00597230,0.0,0.0,A,U100AM02p0,100.00000000,88.00000000
AU100AP00p0,AX,0.00000000,100.00000000,0.0,0.0,A,U100AP00p0,100.00000000,90.00000000
AU100AP02p0,AX,-1.96960344,100.00597230,0.0,0.0,A,U100AP02p0,100.00000000,92.00000000
AU100AP02p5,AX,-2.46199581,100.00933429,0.0,0.0,A,U100AP02p5,100.00000000,92.50000000
AU100AP03p0,AX,-2.95438251,100.01344590,0.0,0.0,A,U100AP03p0,100.00000000,93.00000000
AU100AP03p5,AX,-3.44676240,100.01830865,0.0,0.0,A,U100AP03p5,100.00000000,93.50000000
AU100AP05p0,AX,-4.92384975,100.03742305,0.0,0.0,A,U100AP05p0,100.00000000,95.00000000
AU100AP10p0,AX,-9.84655194,100.15108171,0.0,0.0,A,U100AP10p0,100.00000000,100.00000000
AU100AP15p0,AX,-14.76688961,100.34527005,0.0,0.0,A,U100AP15p0,100.00000000,105.00000000
AU100AP20p0,AX,-19.68349808,100.62758414,0.0,0.0,A,U100AP20p0,100.00000000,110.00000000
AU105AM20p0,AX,19.29099714,105.91526586,0.0,0.0,A,U105AM20p0,105.00000000,70.00000000
AU105AM15p0,AX,14.47751219,105.50408983,0.0,0.0,A,U105AM15p0,105.00000000,75.00000000
AU105AM10p0,AX,9.65593581,105.22074073,0.0,0.0,A,U105AM10p0,105.00000000,80.00000000
AU105AM05p0,AX,4.82921734,105.05470113,0.0,0.0,A,U105AM05p0,105.00000000,85.00000000
AU105AM03p5,AX,3.38059935,105.02676362,0.0,0.0,A,U105AM03p5,105.00000000,86.50000000
AU105AM03p0,AX,2.89768869,105.01965560,0.0,0.0,A,U105AM03p0,105.00000000,87.00000000
AU105AM02p5,AX,2.41476320,105.01364534,0.0,0.0,A,U105AM02p5,105.00000000,87.50000000
AU105AM02p0,AX,1.93182536,105.00873072,0.0,0.0,A,U105AM02p0,105.00000000,88.00000000
AU105AP00p0,AX,0.00000000,105.00000000,0.0,0.0,A,U105AP00p0,105.00000000,90.00000000
AU105AP02p0,AX,-1.93182536,105.00873072,0.0,0.0,A,U105AP02p0,105.00000000,92.00000000
AU105AP02p5,AX,-2.41476320,105.01364534,0.0,0.0,A,U105AP02p5,105.00000000,92.50000000
AU105AP03p0,AX,-2.89768869,105.01965560,0.0,0.0,A,U105AP03p0,105.00000000,93.00000000
AU105AP03p5,AX,-3.38059935,105.02676362,0.0,0.0,A,U105AP03p5,105.00000000,93.50000000
AU105AP05p0,AX,-4.82921734,105.05470113,0.0,0.0,A,U105AP05p0,105.00000000,95.00000000
AU105AP10p0,AX,-9.65593581,105.22074073,0.0,0.0,A,U105AP10p0,105.00000000,100.00000000
AU105AP15p0,AX,-14.47751219,105.50408983,0.0,0.0,A,U105AP15p0,105.00000000,105.00000000
AU105AP20p0,AX,-19.29099714,105.91526586,0.0,0.0,A,U105AP20p0,105.00000000,110.00000000
AU110AM20p0,AX,18.74723725,111.17283219,0.0,0.0,A,U110AM20p0,110.00000000,70.00000000
AU110AM15p0,AX,14.07609542,110.64689649,0.0,0.0,A,U110AM15p0,110.00000000,75.00000000
AU110AM10p0,AX,9.39128580,110.28355945,0.0,0.0,A,U110AM10p0,110.00000000,80.00000000
AU110AM05p0,AX,4.69776366,110.07030898,0.0,0.0,A,U110AM05p0,110.00000000,85.00000000
AU110AM03p5,AX,3.28868459,110.03440343,0.0,0.0,A,U110AM03p5,110.00000000,86.50000000
AU110AM03p0,AX,2.81892704,110.02526702,0.0,0.0,A,U110AM03p0,110.00000000,87.00000000
AU110AM02p5,AX,2.34914430,110.01754127,0.0,0.0,A,U110AM02p5,110.00000000,87.49999999
AU110AM02p0,AX,1.87934058,110.01122366,0.0,0.0,A,U110AM02p0,110.00000000,88.00000000
AU110AP00p0,AX,0.00000000,110.00000000,0.0,0.0,A,U110AP00p0,110.00000000,90.00000000
AU110AP02p0,AX,-1.87934058,110.01122366,0.0,0.0,A,U110AP02p0,110.00000000,92.00000000
AU110AP02p5,AX,-2.34914430,110.01754127,0.0,0.0,A,U110AP02p5,110.00000000,92.50000001
AU110AP03p0,AX,-2.81892704,110.02526702,0.0,0.0,A,U110AP03p0,110.00000000,93.00000000
AU110AP03p5,AX,-3.28868459,110.03440343,0.0,0.0,A,U110AP03p5,110.00000000,93.50000000
AU110AP05p0,AX,-4.69776366,110.07030898,0.0,0.0,A,U110AP05p0,110.00000000,95.00000000
AU110AP10p0,AX,-9.39128580,110.28355945,0.0,0.0,A,U110AP10p0,110.00000000,100.00000000
AU110AP15p0,AX,-14.07609542,110.64689649,0.0,0.0,A,U110AP15p0,110.00000000,105.00000000
AU110AP20p0,AX,-18.74723725,111.17283219,0.0,0.0,A,U110AP20p0,110.00000000,110.00000000
AU115AM20p0,AX,18.05775517,116.39218181,0.0,0.0,A,U115AM20p0,115.00000000,70.00000000
AU115AM15p0,AX,13.56626037,115.76926213,0.0,0.0,A,U115AM15p0,115.00000000,75.00000000
AU115AM10p0,AX,9.05477895,115.33761145,0.0,0.0,A,U115AM10p0,115.00000000,80.00000000
AU115AM05p0,AX,4.53050916,115.08377125,0.0,0.0,A,U115AM05p0,115.00000000,85.00000000
AU115AM03p5,AX,3.17172448,115.04099569,0.0,0.0,A,U115AM03p5,115.00000000,86.50000000
AU115AM03p0,AX,2.71870128,115.03010951,0.0,0.0,A,U115AM03p0,115.00000000,87.00000000
AU115AM02p5,AX,2.26564098,115.02090365,0.0,0.0,A,U115AM02p5,115.00000000,87.50000000
AU115AM02p0,AX,1.81254980,115.01337533,0.0,0.0,A,U115AM02p0,115.00000000,88.00000000
AU115AP00p0,AX,0.00000000,115.00000000,0.0,0.0,A,U115AP00p0,115.00000000,90.00000000
AU115AP02p0,AX,-1.81254980,115.01337533,0.0,0.0,A,U115AP02p0,115.00000000,92.00000000
AU115AP02p5,AX,-2.26564098,115.02090365,0.0,0.0,A,U115AP02p5,115.00000000,92.50000000
AU115AP03p0,AX,-2.71870128,115.03010951,0.0,0.0,A,U115AP03p0,115.00000000,93.00000000
AU115AP03p5,AX,-3.17172448,115.04099569,0.0,0.0,A,U115AP03p5,115.00000000,93.50000000
AU115AP05p0,AX,-4.53050916,115.08377125,0.0,0.0,A,U115AP05p0,115.00000000,95.00000000
AU115AP10p0,AX,-9.05477895,115.33761145,0.0,0.0,A,U115AP10p0,115.00000000,100.00000000
AU115AP15p0,AX,-13.56626037,115.76926213,0.0,0.0,A,U115AP15p0,115.00000000,105.00000000
AU115AP20p0,AX,-18.05775517,116.39218181,0.0,0.0,A,U115AP20p0,115.00000000,110.00000000
AU120AM20p0,AX,17.22939656,121.56670397,0.0,0.0,A,U120AM20p0,120.00000000,70.00000000
AU120AM15p0,AX,12.95253964,120.86747779,0.0,0.0,A,U120AM15p0,120.00000000,75.00000000
AU120AM10p0,AX,8.64916511,120.38125514,0.0,0.0,A,U120AM10p0,120.00000000,79.99999999
AU120AM05p0,AX,4.32875001,120.09467891,0.0,0.0,A,U120AM05p0,120.00000000,85.00000000
AU120AM03p5,AX,3.03061713,120.04634009,0.0,0.0,A,U120AM03p5,120.00000000,86.50000000
AU120AM03p0,AX,2.59777920,120.03403595,0.0,0.0,A,U120AM03p0,120.00000000,86.99999999
AU120AM02p5,AX,2.16489167,120.02363030,0.0,0.0,A,U120AM02p5,120.00000000,87.50000000
AU120AM02p0,AX,1.73196284,120.01512037,0.0,0.0,A,U120AM02p0,120.00000000,88.00000000
AU120AP00p0,AX,0.00000000,120.00000000,0.0,0.0,A,U120AP00p0,120.00000000,90.00000000
AU120AP02p0,AX,-1.73196284,120.01512037,0.0,0.0,A,U120AP02p0,120.00000000,92.00000000
AU120AP02p5,AX,-2.16489167,120.02363030,0.0,0.0,A,U120AP02p5,120.00000000,92.50000000
AU120AP03p0,AX,-2.59777920,120.03403595,0.0,0.0,A,U120AP03p0,120.00000000,93.00000001
AU120AP03p5,AX,-3.03061713,120.04634009,0.0,0.0,A,U120AP03p5,120.00000000,93.50000000
AU120AP05p0,AX,-4.32875001,120.09467891,0.0,0.0,A,U120AP05p0,120.00000000,95.00000000
AU120AP10p0,AX,-8.64916511,120.38125514,0.0,0.0,A,U120AP10p0,120.00000000,100.00000001
AU120AP15p0,AX,-12.95253964,120.86747779,0.0,0.0,A,U120AP15p0,120.00000000,105.00000000
AU120AP20p0,AX,-17.22939656,121.56670397,0.0,0.0,A,U120AP20p0,120.00000000,110.00000000
AU125AM20p0,AX,16.27014217,126.69146392,0.0,0.0,A,U125AM20p0,125.00000000,70.00000000
AU125AM15p0,AX,12.24029549,125.93866358,0.0,0.0,A,U125AM15p0,125.00000000,75.00000000
AU125AM10p0,AX,8.17773277,125.41318345,0.0,0.0,A,U125AM10p0,125.00000000,80.00000000
AU125AM05p0,AX,4.09404668,125.10270166,0.0,0.0,A,U125AM05p0,125.00000000,85.00000000
AU125AM03p5,AX,2.86644499,125.05027453,0.0,0.0,A,U125AM03p5,125.00000000,86.49999999
AU125AM03p0,AX,2.45708646,125.03692717,0.0,0.0,A,U125AM03p0,125.00000000,87.00000000
AU125AM02p5,AX,2.04766623,125.02563845,0.0,0.0,A,U125AM02p5,125.00000000,87.50000000
AU125AM02p0,AX,1.63819460,125.01640577,0.0,0.0,A,U125AM02p0,125.00000000,88.00000000
AU125AP00p0,AX,0.00000000,125.00000000,0.0,0.0,A,U125AP00p0,125.00000000,90.00000000
AU125AP02p0,AX,-1.63819460,125.01640577,0.0,0.0,A,U125AP02p0,125.00000000,92.00000000
AU125AP02p5,AX,-2.04766623,125.02563845,0.0,0.0,A,U125AP02p5,125.00000000,92.50000000
AU125AP03p0,AX,-2.45708646,125.03692717,0.0,0.0,A,U125AP03p0,125.00000000,93.00000000
AU125AP03p5,AX,-2.86644499,125.05027453,0.0,0.0,A,U125AP03p5,125.00000000,93.50000001
AU125AP05p0,AX,-4.09404668,125.10270166,0.0,0.0,A,U125AP05p0,125.00000000,95.00000000
AU125AP10p0,AX,-8.17773277,125.41318345,0.0,0.0,A,U125AP10p0,125.00000000,100.00000000
AU125AP15p0,AX,-12.24029549,125.93866358,0.0,0.0,A,U125AP15p0,125.00000000,105.00000000
AU125AP20p0,AX,-16.27014217,126.69146392,0.0,0.0,A,U125AP20p0,125.00000000,110.00000000
AU130AM20p0,AX,15.18892438,131.76329742,0.0,0.0,A,U130AM20p0,130.00000000,70.00000000
AU130AM15p0,AX,11.43562982,130.98084177,0.0,0.0,A,U130AM15p0,130.00000000,75.00000000
AU130AM10p0,AX,7.64427006,130.43246109,0.0,0.0,A,U130AM10p0,130.00000000,79.99999999
AU130AM05p0,AX,3.82821030,130.10759785,0.0,0.0,A,U130AM05p0,130.00000000,84.99999999
AU130AM03p5,AX,2.68046604,130.05267995,0.0,0.0,A,U130AM03p5,130.00000000,86.50000000
AU130AM03p0,AX,2.29769921,130.03869559,0.0,0.0,A,U130AM03p0,130.00000000,87.00000000
AU130AM02p5,AX,1.91485993,130.02686721,0.0,0.0,A,U130AM02p5,130.00000000,87.49999999
AU130AM02p0,AX,1.53196030,130.01719254,0.0,0.0,A,U130AM02p0,130.00000000,88.00000000
AU130AP00p0,AX,0.00000000,130.00000000,0.0,0.0,A,U130AP00p0,130.00000000,90.00000000
AU130AP02p0,AX,-1.53196030,130.01719254,0.0,0.0,A,U130AP02p0,130.00000000,92.00000000
AU130AP02p5,AX,-1.91485993,130.02686721,0.0,0.0,A,U130AP02p5,130.00000000,92.50000001
AU130AP03p0,AX,-2.29769921,130.03869559,0.0,0.0,A,U130AP03p0,130.00000000,93.00000000
AU130AP03p5,AX,-2.68046604,130.05267995,0.0,0.0,A,U130AP03p5,130.00000000,93.50000000
AU130AP05p0,AX,-3.82821030,130.10759785,0.0,0.0,A,U130AP05p0,130.00000000,95.00000001
AU130AP10p0,AX,-7.64427006,130.43246109,0.0,0.0,A,U130AP10p0,130.00000000,100.00000001
AU130AP15p0,AX,-11.43562982,130.98084177,0.0,0.0,A,U130AP15p0,130.00000000,105.00000000
AU130AP20p0,AX,-15.18892438,131.76329742,0.0,0.0,A,U130AP20p0,130.00000000,110.00000000
AU135AM20p0,AX,13.99544536,136.78082111,0.0,0.0,A,U135AM20p0,135.00000000,70.00000000
AU135AM15p0,AX,10.54529059,135.99297280,0.0,0.0,A,U135AM15p0,135.00000000,75.00000000
AU135AM10p0,AX,7.05302213,135.43854859,0.0,0.0,A,U135AM10p0,135.00000000,80.00000000
AU135AM05p0,AX,3.53328719,135.10922155,0.0,0.0,A,U135AM05p0,135.00000000,85.00000001
AU135AM03p5,AX,2.47410364,135.05348395,0.0,0.0,A,U135AM03p5,135.00000000,86.49999999
AU135AM03p0,AX,2.12083547,135.03928785,0.0,0.0,A,U135AM03p0,135.00000000,87.00000000
AU135AM02p5,AX,1.76748639,135.02727942,0.0,0.0,A,U135AM02p5,135.00000000,87.50000001
AU135AM02p0,AX,1.41406993,135.01745684,0.0,0.0,A,U135AM02p0,135.00000000,88.00000001
AU135AP00p0,AX,0.00000000,135.00000000,0.0,0.0,A,U135AP00p0,135.00000000,90.00000000
AU135AP02p0,AX,-1.41406993,135.01745684,0.0,0.0,A,U135AP02p0,135.00000000,91.99999999
AU135AP02p5,AX,-1.76748639,135.02727942,0.0,0.0,A,U135AP02p5,135.00000000,92.49999999
AU135AP03p0,AX,-2.12083547,135.03928785,0.0,0.0,A,U135AP03p0,135.00000000,93.00000000
AU135AP03p5,AX,-2.47410364,135.05348395,0.0,0.0,A,U135AP03p5,135.00000000,93.50000001
AU135AP05p0,AX,-3.53328719,135.10922155,0.0,0.0,A,U135AP05p0,135.00000000,94.99999999
AU135AP10p0,AX,-7.05302213,135.43854859,0.0,0.0,A,U135AP10p0,135.00000000,100.00000000
AU135AP15p0,AX,-10.54529059,135.99297280,0.0,0.0,A,U135AP15p0,135.00000000,105.00000000
AU135AP20p0,AX,-13.99544536,136.78082111,0.0,0.0,A,U135AP20p0,135.00000000,110.00000000
BU090AM20p0,BX,-80.00000000,-90.00000000,0.0,0.0,B,U090AM20p0,90.00000000,190.00000000
BU090AM15p0,BX,-75.00000000,-90.00000000,0.0,0.0,B,U090AM15p0,90.00000000,195.00000000
BU090AM10p0,BX,-70.00000000,-90.00000000,0.0,0.0,B,U090AM10p0,90.00000000,200.00000000
BU090AM05p0,BX,-65.00000000,-90.00000000,0.0,0.0,B,U090AM05p0,90.00000000,205.00000000
BU090AM03p5,BX,-63.50000000,-90.00000000,0.0,0.0,B,U090AM03p5,90.00000000,206.50000000
BU090AM03p0,BX,-63.00000000,-90.00000000,0.0,0.0,B,U090AM03p0,90.00000000,207.00000000
BU090AM02p5,BX,-62.50000000,-90.00000000,0.0,0.0,B,U090AM02p5,90.00000000,207.50000000
BU090AM02p0,BX,-62.00000000,-90.00000000,0.0,0.0,B,U090AM02p0,90.00000000,208.00000000
BU090AP00p0,BX,-60.00000000,-90.00000000,0.0,0.0,B,U090AP00p0,90.00000000,210.00000000
BU090AP02p0,BX,-58.00000000,-90.00000000,0.0,0.0,B,U090AP02p0,90.00000000,212.00000000
BU090AP02p5,BX,-57.50000000,-90.00000000,0.0,0.0,B,U090AP02p5,90.00000000,212.50000000
BU090AP03p0,BX,-57.00000000,-90.00000000,0.0,0.0,B,U090AP03p0,90.00000000,213.00000000
BU090AP03p5,BX,-56.50000000,-90.00000000,0.0,0.0,B,U090AP03p5,90.00000000,213.50000000
BU090AP05p0,BX,-55.00000000,-90.00000000,0.0,0.0,B,U090AP05p0,90.00000000,215.00000000
BU090AP10p0,BX,-50.00000000,-90.00000000,0.0,0.0,B,U090AP10p0,90.00000000,220.00000000
BU090AP15p0,BX,-45.00000000,-90.00000000,0.0,0.0,B,U090AP15p0,90.00000000,225.00000000
BU090AP20p0,BX,-40.00000000,-90.00000000,0.0,0.0,B,U090AP20p0,90.00000000,230.00000000
BU095AM20p0,BX,-78.83104719,-116.74020537,0.0,0.0,B,U095AM20p0,95.00000000,190.00000000
BU095AM15p0,BX,-74.20677585,-108.67680815,0.0,0.0,B,U095AM15p0,95.00000000,195.00000000
BU095AM10p0,BX,-69.40932833,-104.34856766,0.0,0.0,B,U095AM10p0,95.00000000,200.00000000
BU095AM05p0,BX,-64.53645417,-101.69592176,0.0,0.0,B,U095AM05p0,95.00000000,205.00000000
BU095AM03p5,BX,-63.06599668,-101.09358653,0.0,0.0,B,U095AM03p5,95.00000000,206.50000000
BU095AM03p0,BX,-62.57518346,-100.90777266,0.0,0.0,B,U095AM03p0,95.00000000,207.00000000
BU095AM02p5,BX,-62.08406905,-100.72879372,0.0,0.0,B,U095AM02p5,95.00000000,207.50000000
BU095AM02p0,BX,-61.59266914,-100.55630080,0.0,0.0,B,U095AM02p0,95.00000000,208.00000000
BU095AP00p0,BX,-59.62449347,-99.92498504,0.0,0.0,B,U095AP00p0,95.00000000,210.00000000
BU095AP02p0,BX,-57.65276441,-99.37485675,0.0,0.0,B,U095AP02p0,95.00000000,212.00000000
BU095AP02p5,BX,-57.15935253,-99.24832393,0.0,0.0,B,U095AP02p5,95.00000000,212.50000000
BU095AP03p0,BX,-56.66576600,-99.12580675,0.0,0.0,B,U095AP03p0,95.00000000,213.00000000
BU095AP03p5,BX,-56.17201256,-99.00713248,0.0,0.0,B,U095AP03p5,95.00000000,213.50000000
BU095AP05p0,BX,-54.68982167,-98.67258373,0.0,0.0,B,U095AP05p0,95.00000000,215.00000000
BU095AP10p0,BX,-49.74086216,-97.75079720,0.0,0.0,B,U095AP10p0,95.00000000,220.00000000
BU095AP15p0,BX,-44.78238500,-97.05322666,0.0,0.0,B,U095AP15p0,95.00000000,225.00000000
BU095AP20p0,BX,-39.81729712,-96.51542560,0.0,0.0,B,U095AP20p0,95.00000000,230.00000000
BU100AM20p0,BX,-75.89395574,-135.43854859,0.0,0.0,B,U100AM20p0,100.00000000,190.00000000
BU100AM15p0,BX,-72.03613987,-124.26563152,0.0,0.0,B,U100AM15p0,100.00000000,195.00000000
BU100AM10p0,BX,-67.73125551,-117.27316955,0.0,0.0,B,U100AM10p0,100.00000000,200.00000000
BU100AM05p0,BX,-63.19404288,-112.64712625,0.0,0.0,B,U100AM05p0,100.00000000,205.00000000
BU100AM03p5,BX,-61.80422525,-111.56277727,0.0,0.0,B,U100AM03p5,100.00000000,206.50000000
BU100AM03p0,BX,-61.33867684,-111.22584874,0.0,0.0,B,U100AM03p0,100.00000000,207.00000000
BU100AM02p5,BX,-60.87208182,-110.90025246,0.0,0.0,B,U100AM02p5,100.00000000,207.50000000
BU100AM02p0,BX,-60.40449003,-110.58547912,0.0,0.0,B,U100AM02p0,100.00000000,208.00000000
BU100AP00p0,BX,-58.52505111,-109.42540014,0.0,0.0,B,U100AP00p0,100.00000000,210.00000000
BU100AP02p0,BX,-56.63295428,-108.40450754,0.0,0.0,B,U100AP02p0,100.00000000,212.00000000
BU100AP02p5,BX,-56.15820315,-108.16841591,0.0,0.0,B,U100AP02p5,100.00000000,212.50000000
BU100AP03p0,BX,-55.68281920,-107.93936909,0.0,0.0,B,U100AP03p0,100.00000000,213.00000000
BU100AP03p5,BX,-55.20682869,-107.71709044,0.0,0.0,B,U100AP03p5,100.00000000,213.50000000
BU100AP05p0,BX,-53.77546045,-107.08830292,0.0,0.0,B,U100AP05p0,100.00000000,215.00000000
BU100AP10p0,BX,-48.97353863,-105.33981450,0.0,0.0,B,U100AP10p0,100.00000000,220.00000000
BU100AP15p0,BX,-44.13602946,-104.00194217,0.0,0.0,B,U100AP15p0,100.00000000,225.00000000
BU100AP20p0,BX,-39.27345021,-102.96247900,0.0,0.0,B,U100AP20p0,100.00000000,230.00000000
BU105AM20p0,BX,-72.03613988,-147.05418729,0.0,0.0,B,U105AM20p0,105.00000000,190.00000000
BU105AM15p0,BX,-68.90941883,-135.99297280,0.0,0.0,B,U105AM15p0,105.00000000,195.00000000
BU105AM10p0,BX,-65.18578310,-128.07625062,0.0,0.0,B,U105AM10p0,105.00000000,200.00000000
BU105AM05p0,BX,-61.09544436,-122.37558841,0.0,0.0,B,U105AM05p0,105.00000000,205.00000000
BU105AM03p5,BX,-59.81884620,-120.98551543,0.0,0.0,B,U105AM03p5,105.00000000,206.50000000
BU105AM03p0,BX,-59.38921726,-120.54947868,0.0,0.0,B,U105AM03p0,105.00000000,207.00000000
BU105AM02p5,BX,-58.95768269,-120.12626597,0.0,0.0,B,U105AM02p5,105.00000000,207.50000000
BU105AM02p0,BX,-58.52432151,-119.71540705,0.0,0.0,B,U105AM02p0,105.00000000,208.00000000
BU105AP00p0,BX,-56.77405780,-118.18678543,0.0,0.0,B,U105AP00p0,105.00000000,210.00000000
BU105AP02p0,BX,-54.99995143,-116.82305632,0.0,0.0,B,U105AP02p0,105.00000000,212.00000000
BU105AP02p5,BX,-54.55312297,-116.50525135,0.0,0.0,B,U105AP02p5,105.00000000,212.50000000
BU105AP03p0,BX,-54.10507362,-116.19606696,0.0,0.0,B,U105AP03p0,105.00000000,213.00000000
BU105AP03p5,BX,-53.65584923,-115.89521102,0.0,0.0,B,U105AP03p5,105.00000000,213.50000000
BU105AP05p0,BX,-52.30155367,-115.03987257,0.0,0.0,B,U105AP05p0,105.00000000,215.00000000
BU105AP10p0,BX,-47.72648461,-112.62905599,0.0,0.0,B,U105AP10p0,105.00000000,220.00000000
BU105AP15p0,BX,-43.07951714,-110.75357098,0.0,0.0,B,U105AP15p0,105.00000000,225.00000000
BU105AP20p0,BX,-38.38080188,-109.27896040,0.0,0.0,B,U105AP20p0,105.00000000,230.00000000
BU110AM20p0,BX,-67.73125550,-154.49444974,0.0,0.0,B,U110AM20p0,110.00000000,190.00000000
BU110AM15p0,BX,-65.18578309,-144.58338725,0.0,0.0,B,U110AM15p0,110.00000000,195.00000000
BU110AM10p0,BX,-62.00910928,-136.78082110,0.0,0.0,B,U110AM10p0,110.00000000,200.00000000
BU110AM05p0,BX,-58.39166942,-130.73591740,0.0,0.0,B,U110AM05p0,110.00000000,205.00000000
BU110AM03p5,BX,-57.24197302,-129.20464028,0.0,0.0,B,U110AM03p5,110.00000000,206.50000000
BU110AM03p0,BX,-56.85318768,-128.71961584,0.0,0.0,B,U110AM03p0,110.00000000,207.00000000
BU110AM02p5,BX,-56.46178786,-128.24670763,0.0,0.0,B,U110AM02p5,110.00000000,207.49999999
BU110AM02p0,BX,-56.06786508,-127.78557782,0.0,0.0,B,U110AM02p0,110.00000000,208.00000000
BU110AP00p0,BX,-54.46865224,-126.05238873,0.0,0.0,B,U110AP00p0,110.00000000,210.00000000
BU110AP02p0,BX,-52.83551595,-124.48287260,0.0,0.0,B,U110AP02p0,110.00000000,212.00000000
BU110AP02p5,BX,-52.42245606,-124.11396714,0.0,0.0,B,U110AP02p5,110.00000000,212.50000001
BU110AP03p0,BX,-52.00761237,-123.75393195,0.0,0.0,B,U110AP03p0,110.00000000,213.00000000
BU110AP03p5,BX,-51.59104386,-123.40252118,0.0,0.0,B,U110AP03p5,110.00000000,213.50000000
BU110AP05p0,BX,-50.33154592,-122.39768976,0.0,0.0,B,U110AP05p0,110.00000000,215.00000000
BU110AP10p0,BX,-46.04179300,-119.52015163,0.0,0.0,B,U110AP10p0,110.00000000,220.00000000
BU110AP15p0,BX,-41.64114327,-117.23631348,0.0,0.0,B,U110AP15p0,110.00000000,225.00000000
BU110AP20p0,BX,-37.15855414,-115.41376689,0.0,0.0,B,U110AP20p0,110.00000000,230.00000000
BU115AM20p0,BX,-63.19404288,-159.57518660,0.0,0.0,B,U115AM20p0,115.00000000,190.00000000
BU115AM15p0,BX,-61.09544437,-150.96800679,0.0,0.0,B,U115AM15p0,115.00000000,195.00000000
BU115AM10p0,BX,-58.39166942,-143.74127305,0.0,0.0,B,U115AM10p0,115.00000000,200.00000000
BU115AM05p0,BX,-55.22456333,-137.81373882,0.0,0.0,B,U115AM05p0,115.00000000,205.00000000
BU115AM03p5,BX,-54.20217078,-136.26248314,0.0,0.0,B,U115AM03p5,115.00000000,206.50000000
BU115AM03p0,BX,-53.85492911,-135.76679395,0.0,0.0,B,U115AM03p0,115.00000000,207.00000000
BU115AM02p5,BX,-53.50462041,-135.28146131,0.0,0.0,B,U115AM02p5,115.00000000,207.50000000
BU115AM02p0,BX,-53.15133368,-134.80628155,0.0,0.0,B,U115AM02p0,115.00000000,208.00000000
BU115AP00p0,BX,-51.71009587,-133.00307153,0.0,0.0,B,U115AP00p0,115.00000000,210.00000000
BU115AP02p0,BX,-50.22767265,-131.34647964,0.0,0.0,B,U115AP02p0,115.00000000,212.00000000
BU115AP02p5,BX,-49.85117554,-130.95382047,0.0,0.0,B,U115AP02p5,115.00000000,212.50000000
BU115AP03p0,BX,-49.47245601,-130.56939255,0.0,0.0,B,U115AP03p0,115.00000000,213.00000000
BU115AP03p5,BX,-49.09157751,-130.19301928,0.0,0.0,B,U115AP03p5,115.00000000,213.50000000
BU115AP05p0,BX,-47.93659356,-129.11051032,0.0,0.0,B,U115AP05p0,115.00000000,215.00000000
BU115AP10p0,BX,-43.96923688,-125.95885566,0.0,0.0,B,U115AP10p0,115.00000000,220.00000000
BU115AP15p0,BX,-39.85570743,-123.40319873,0.0,0.0,B,U115AP15p0,115.00000000,225.00000000
BU115AP20p0,BX,-35.63104239,-121.32976994,0.0,0.0,B,U115AP20p0,115.00000000,230.00000000
BU120AM20p0,BX,-58.52505111,-163.26042247,0.0,0.0,B,U120AM20p0,120.00000000,190.00000000
BU120AM15p0,BX,-56.77405780,-155.85389154,0.0,0.0,B,U120AM15p0,120.00000000,195.00000000
BU120AM10p0,BX,-54.46865224,-149.35765796,0.0,0.0,B,U120AM10p0,120.00000000,199.99999999
BU120AM05p0,BX,-51.71009586,-143.79601026,0.0,0.0,B,U120AM05p0,120.00000000,205.00000000
BU120AM03p5,BX,-50.80828677,-142.30181317,0.0,0.0,B,U120AM03p5,120.00000000,206.50000000
BU120AM03p0,BX,-50.50087389,-141.82080451,0.0,0.0,B,U120AM03p0,120.00000000,206.99999999
BU120AM02p5,BX,-50.19019002,-141.34815610,0.0,0.0,B,U120AM02p5,120.00000000,207.50000000
BU120AM02p0,BX,-49.87631310,-140.88376357,0.0,0.0,B,U120AM02p0,120.00000000,208.00000000
BU120AP00p0,BX,-48.59037789,-139.10660535,0.0,0.0,B,U120AP00p0,120.00000000,210.00000000
BU120AP02p0,BX,-47.25917465,-137.45282287,0.0,0.0,B,U120AP02p0,120.00000000,212.00000000
BU120AP02p5,BX,-46.91980519,-137.05781843,0.0,0.0,B,U120AP02p5,120.00000000,212.50000000
BU120AP03p0,BX,-46.57793519,-136.66996681,0.0,0.0,B,U120AP03p0,120.00000000,213.00000001
BU120AP03p5,BX,-46.23362550,-136.28915666,0.0,0.0,B,U120AP03p5,120.00000000,213.50000000
BU120AP05p0,BX,-45.18664540,-135.18786942,0.0,0.0,B,U120AP05p0,120.00000000,215.00000000
BU120AP10p0,BX,-41.56076257,-131.93010518,0.0,0.0,B,U120AP10p0,120.00000000,220.00000001
BU120AP15p0,BX,-37.76124391,-129.23152048,0.0,0.0,B,U120AP15p0,120.00000000,225.00000000
BU120AP20p0,BX,-33.82584497,-127.00450199,0.0,0.0,B,U120AP20p0,120.00000000,230.00000000
BU125AM20p0,BX,-53.77546044,-166.07191181,0.0,0.0,B,U125AM20p0,125.00000000,190.00000000
BU125AM15p0,BX,-52.30155367,-159.71407930,0.0,0.0,B,U125AM15p0,125.00000000,195.00000000
BU125AM10p0,BX,-50.33154593,-153.96655464,0.0,0.0,B,U125AM10p0,125.00000000,200.00000000
BU125AM05p0,BX,-47.93659356,-148.88643889,0.0,0.0,B,U125AM05p0,125.00000000,205.00000000
BU125AM03p5,BX,-47.14584259,-147.49322473,0.0,0.0,B,U125AM03p5,125.00000000,206.49999999
BU125AM03p0,BX,-46.87548136,-147.04201125,0.0,0.0,B,U125AM03p0,125.00000000,207.00000000
BU125AM02p5,BX,-46.60184013,-146.59733047,0.0,0.0,B,U125AM02p5,125.00000000,207.50000000
BU125AM02p0,BX,-46.32498293,-146.15914023,0.0,0.0,B,U125AM02p0,125.00000000,208.00000000
BU125AP00p0,BX,-45.18664540,-144.47035513,0.0,0.0,B,U125AP00p0,125.00000000,210.00000000
BU125AP02p0,BX,-44.00174924,-142.88144949,0.0,0.0,B,U125AP02p0,125.00000000,212.00000000
BU125AP02p5,BX,-43.69868571,-142.49940942,0.0,0.0,B,U125AP02p5,125.00000000,212.50000000
BU125AP03p0,BX,-43.39299782,-142.12332514,0.0,0.0,B,U125AP03p0,125.00000000,213.00000000
BU125AP03p5,BX,-43.08473967,-141.75313543,0.0,0.0,B,U125AP03p5,125.00000000,213.50000001
BU125AP05p0,BX,-42.14507056,-140.67731009,0.0,0.0,B,U125AP05p0,125.00000000,215.00000000
BU125AP10p0,BX,-38.86642263,-137.44819730,0.0,0.0,B,U125AP10p0,125.00000000,220.00000000
BU125AP15p0,BX,-35.39626013,-134.71911439,0.0,0.0,B,U125AP15p0,125.00000000,225.00000000
BU125AP20p0,BX,-31.77202614,-132.42906076,0.0,0.0,B,U125AP20p0,125.00000000,230.00000000
BU130AM20p0,BX,-48.97353863,-168.30792279,0.0,0.0,B,U130AM20p0,130.00000000,190.00000000
BU130AM15p0,BX,-47.72648461,-162.85769858,0.0,0.0,B,U130AM15p0,130.00000000,195.00000000
BU130AM10p0,BX,-46.04179300,-157.82400742,0.0,0.0,B,U130AM10p0,130.00000000,199.99999999
BU130AM05p0,BX,-43.96923688,-153.26757731,0.0,0.0,B,U130AM05p0,130.00000000,204.99999999
BU130AM03p5,BX,-43.27962414,-151.99783746,0.0,0.0,B,U130AM03p5,130.00000000,206.50000000
BU130AM03p0,BX,-43.04327862,-151.58462590,0.0,0.0,B,U130AM03p0,130.00000000,207.00000000
BU130AM02p5,BX,-42.80378080,-151.17642598,0.0,0.0,B,U130AM02p5,130.00000000,207.49999999
BU130AM02p0,BX,-42.56118121,-150.77323042,0.0,0.0,B,U130AM02p0,130.00000000,208.00000000
BU130AP00p0,BX,-41.56076257,-149.21026697,0.0,0.0,B,U130AP00p0,130.00000000,210.00000000
BU130AP02p0,BX,-40.51465570,-147.72622998,0.0,0.0,B,U130AP02p0,130.00000000,212.00000000
BU130AP02p5,BX,-40.24634800,-147.36739674,0.0,0.0,B,U130AP02p5,130.00000000,212.50000001
BU130AP03p0,BX,-39.97542091,-147.01338432,0.0,0.0,B,U130AP03p0,130.00000000,213.00000000
BU130AP03p5,BX,-39.70192001,-146.66416552,0.0,0.0,B,U130AP03p5,130.00000000,213.50000000
BU130AP05p0,BX,-38.86642263,-145.64498095,0.0,0.0,B,U130AP05p0,130.00000000,215.00000001
BU130AP10p0,BX,-35.93195832,-142.54628044,0.0,0.0,B,U130AP10p0,130.00000000,220.00000001
BU130AP15p0,BX,-32.79775133,-139.87925979,0.0,0.0,B,U130AP15p0,130.00000000,225.00000000
BU130AP20p0,BX,-29.49870423,-137.60591396,0.0,0.0,B,U130AP20p0,130.00000000,230.00000000
BU135AM20p0,BX,-44.13602946,-170.14892389,0.0,0.0,B,U135AM20p0,135.00000000,190.00000000
BU135AM15p0,BX,-43.07951715,-165.48918130,0.0,0.0,B,U135AM15p0,135.00000000,195.00000000
BU135AM10p0,BX,-41.64114327,-161.11827877,0.0,0.0,B,U135AM10p0,135.00000000,200.00000000
BU135AM05p0,BX,-39.85570743,-157.09019287,0.0,0.0,B,U135AM05p0,135.00000000,205.00000001
BU135AM03p5,BX,-39.25805238,-155.95367584,0.0,0.0,B,U135AM03p5,135.00000000,206.49999999
BU135AM03p0,BX,-39.05283433,-155.58240268,0.0,0.0,B,U135AM03p0,135.00000000,207.00000000
BU135AM02p5,BX,-38.84468120,-155.21493390,0.0,0.0,B,U135AM02p5,135.00000000,207.50000001
BU135AM02p0,BX,-38.63363178,-154.85127962,0.0,0.0,B,U135AM02p0,135.00000000,208.00000001
BU135AP00p0,BX,-37.76124391,-153.43494882,0.0,0.0,B,U135AP00p0,135.00000000,210.00000000
BU135AP02p0,BX,-36.84559088,-152.08002179,0.0,0.0,B,U135AP02p0,135.00000000,211.99999999
BU135AP02p5,BX,-36.61020176,-151.75087915,0.0,0.0,B,U135AP02p5,135.00000000,212.49999999
BU135AP03p0,BX,-36.37229711,-151.42556390,0.0,0.0,B,U135AP03p0,135.00000000,213.00000000
BU135AP03p5,BX,-36.13191398,-151.10406974,0.0,0.0,B,U135AP03p5,135.00000000,213.50000001
BU135AP05p0,BX,-35.39626014,-150.16243353,0.0,0.0,B,U135AP05p0,135.00000000,214.99999999
BU135AP10p0,BX,-32.79775133,-147.26759279,0.0,0.0,B,U135AP10p0,135.00000000,220.00000000
BU135AP15p0,BX,-30.00000000,-144.73561031,0.0,0.0,B,U135AP15p0,135.00000000,225.00000000
BU135AP20p0,BX,-27.03402084,-142.54628044,0.0,0.0,B,U135AP20p0,135.00000000,230.00000000
CU090AM20p0,CX,40.00000000,-90.00000000,0.0,0.0,C,U090AM20p0,90.00000000,310.00000000
CU090AM15p0,CX,45.00000000,-90.00000000,0.0,0.0,C,U090AM15p0,90.00000000,315.00000000
CU090AM10p0,CX,50.00000000,-90.00000000,0.0,0.0,C,U090AM10p0,90.00000000,320.00000000
CU090AM05p0,CX,55.00000000,-90.00000000,0.0,0.0,C,U090AM05p0,90.00000000,325.00000000
CU090AM03p5,CX,56.50000000,-90.00000000,0.0,0.0,C,U090AM03p5,90.00000000,326.50000000
CU090AM03p0,CX,57.00000000,-90.00000000,0.0,0.0,C,U090AM03p0,90.00000000,327.00000000
CU090AM02p5,CX,57.50000000,-90.00000000,0.0,0.0,C,U090AM02p5,90.00000000,327.50000000
CU090AM02p0,CX,58.00000000,-90.00000000,0.0,0.0,C,U090AM02p0,90.00000000,328.00000000
CU090AP00p0,CX,60.00000000,-90.00000000,0.0,0.0,C,U090AP00p0,90.00000000,330.00000000
CU090AP02p0,CX,62.00000000,-90.00000000,0.0,0.0,C,U090AP02p0,90.00000000,332.00000000
CU090AP02p5,CX,62.50000000,-90.00000000,0.0,0.0,C,U090AP02p5,90.00000000,332.50000000
CU090AP03p0,CX,63.00000000,-90.00000000,0.0,0.0,C,U090AP03p0,90.00000000,333.00000000
CU090AP03p5,CX,63.50000000,-90.00000000,0.0,0.0,C,U090AP03p5,90.00000000,333.50000000
CU090AP05p0,CX,65.00000000,-90.00000000,0.0,0.0,C,U090AP05p0,90.00000000,335.00000000
CU090AP10p0,CX,70.00000000,-90.00000000,0.0,0.0,C,U090AP10p0,90.00000000,340.00000000
CU090AP15p0,CX,75.00000000,-90.00000000,0.0,0.0,C,U090AP15p0,90.00000000,345.00000000
CU090AP20p0,CX,80.00000000,-90.00000000,0.0,0.0,C,U090AP20p0,90.00000000,350.00000000
CU095AM20p0,CX,39.81729712,-96.51542560,0.0,0.0,C,U095AM20p0,95.00000000,310.00000000
CU095AM15p0,CX,44.78238500,-97.05322666,0.0,0.0,C,U095AM15p0,95.00000000,315.00000000
CU095AM10p0,CX,49.74086216,-97.75079720,0.0,0.0,C,U095AM10p0,95.00000000,320.00000000
CU095AM05p0,CX,54.68982167,-98.67258373,0.0,0.0,C,U095AM05p0,95.00000000,325.00000000
CU095AM03p5,CX,56.17201256,-99.00713248,0.0,0.0,C,U095AM03p5,95.00000000,326.50000000
CU095AM03p0,CX,56.66576600,-99.12580675,0.0,0.0,C,U095AM03p0,95.00000000,327.00000000
CU095AM02p5,CX,57.15935253,-99.24832393,0.0,0.0,C,U095AM02p5,95.00000000,327.50000000
CU095AM02p0,CX,57.65276441,-99.37485675,0.0,0.0,C,U095AM02p0,95.00000000,328.00000000
CU095AP00p0,CX,59.62449347,-99.92498504,0.0,0.0,C,U095AP00p0,95.00000000,330.00000000
CU095AP02p0,CX,61.59266914,-100.55630080,0.0,0.0,C,U095AP02p0,95.00000000,332.00000000
CU095AP02p5,CX,62.08406905,-100.72879372,0.0,0.0,C,U095AP02p5,95.00000000,332.50000000
CU095AP03p0,CX,62.57518346,-100.90777266,0.0,0.0,C,U095AP03p0,95.00000000,333.00000000
CU095AP03p5,CX,63.06599668,-101.09358653,0.0,0.0,C,U095AP03p5,95.00000000,333.50000000
CU095AP05p0,CX,64.53645417,-101.69592176,0.0,0.0,C,U095AP05p0,95.00000000,335.00000000
CU095AP10p0,CX,69.40932833,-104.34856766,0.0,0.0,C,U095AP10p0,95.00000000,340.00000000
CU095AP15p0,CX,74.20677585,-108.67680815,0.0,0.0,C,U095AP15p0,95.00000000,345.00000000
CU095AP20p0,CX,78.83104719,-116.74020537,0.0,0.0,C,U095AP20p0,95.00000000,350.00000000
CU100AM20p0,CX,39.27345021,-102.96247900,0.0,0.0,C,U100AM20p0,100.00000000,310.00000000
CU100AM15p0,CX,44.13602946,-104.00194217,0.0,0.0,C,U100AM15p0,100.00000000,315.00000000
CU100AM10p0,CX,48.97353863,-105.33981450,0.0,0.0,C,U100AM10p0,100.00000000,320.00000000
CU100AM05p0,CX,53.77546045,-107.08830292,0.0,0.0,C,U100AM05p0,100.00000000,325.00000000
CU100AM03p5,CX,55.20682869,-107.71709044,0.0,0.0,C,U100AM03p5,100.00000000,326.50000000
CU100AM03p0,CX,55.68281920,-107.93936909,0.0,0.0,C,U100AM03p0,100.00000000,327.00000000
CU100AM02p5,CX,56.15820315,-108.16841591,0.0,0.0,C,U100AM02p5,100.00000000,327.50000000
CU100AM02p0,CX,56.63295428,-108.40450754,0.0,0.0,C,U100AM02p0,100.00000000,328.00000000
CU100AP00p0,CX,58.52505111,-109.42540014,0.0,0.0,C,U100AP00p0,100.00000000,330.00000000
CU100AP02p0,CX,60.40449003,-110.58547912,0.0,0.0,C,U100AP02p0,100.00000000,332.00000000
CU100AP02p5,CX,60.87208182,-110.90025246,0.0,0.0,C,U100AP02p5,100.00000000,332.50000000
CU100AP03p0,CX,61.33867684,-111.22584874,0.0,0.0,C,U100AP03p0,100.00000000,333.00000000
CU100AP03p5,CX,61.80422525,-111.56277727,0.0,0.0,C,U100AP03p5,100.00000000,333.50000000
CU100AP05p0,CX,63.19404288,-112.64712625,0.0,0.0,C,U100AP05p0,100.00000000,335.00000000
CU100AP10p0,CX,67.73125551,-117.27316955,0.0,0.0,C,U100AP10p0,100.00000000,340.00000000
CU100AP15p0,CX,72.03613987,-124.26563152,0.0,0.0,C,U100AP15p0,100.00000000,345.00000000
CU100AP20p0,CX,75.89395574,-135.43854859,0.0,0.0,C,U100AP20p0,100.00000000,350.00000000
CU105AM20p0,CX,38.38080188,-109.27896040,0.0,0.0,C,U105AM20p0,105.00000000,310.00000000
CU105AM15p0,CX,43.07951714,-110.75357098,0.0,0.0,C,U105AM15p0,105.00000000,315.00000000
CU105AM10p0,CX,47.72648461,-112.62905599,0.0,0.0,C,U105AM10p0,105.00000000,320.00000000
CU105AM05p0,CX,52.30155367,-115.03987257,0.0,0.0,C,U105AM05p0,105.00000000,325.00000000
CU105AM03p5,CX,53.65584923,-115.89521102,0.0,0.0,C,U105AM03p5,105.00000000,326.50000000
CU105AM03p0,CX,54.10507362,-116.19606696,0.0,0.0,C,U105AM03p0,105.00000000,327.00000000
CU105AM02p5,CX,54.55312297,-116.50525135,0.0,0.0,C,U105AM02p5,105.00000000,327.50000000
CU105AM02p0,CX,54.99995143,-116.82305632,0.0,0.0,C,U105AM02p0,105.00000000,328.00000000
CU105AP00p0,CX,56.77405780,-118.18678543,0.0,0.0,C,U105AP00p0,105.00000000,330.00000000
CU105AP02p0,CX,58.52432151,-119.71540705,0.0,0.0,C,U105AP02p0,105.00000000,332.00000000
CU105AP02p5,CX,58.95768269,-120.12626597,0.0,0.0,C,U105AP02p5,105.00000000,332.50000000
CU105AP03p0,CX,59.38921726,-120.54947868,0.0,0.0,C,U105AP03p0,105.00000000,333.00000000
CU105AP03p5,CX,59.81884620,-120.98551543,0.0,0.0,C,U105AP03p5,105.00000000,333.50000000
CU105AP05p0,CX,61.09544436,-122.37558841,0.0,0.0,C,U105AP05p0,105.00000000,335.00000000
CU105AP10p0,CX,65.18578310,-128.07625062,0.0,0.0,C,U105AP10p0,105.00000000,340.00000000
CU105AP15p0,CX,68.90941883,-135.99297280,0.0,0.0,C,U105AP15p0,105.00000000,345.00000000
CU105AP20p0,CX,72.03613988,-147.05418729,0.0,0.0,C,U105AP20p0,105.00000000,350.00000000
CU110AM20p0,CX,37.15855414,-115.41376689,0.0,0.0,C,U110AM20p0,110.00000000,310.00000000
CU110AM15p0,CX,41.64114327,-117.23631348,0.0,0.0,C,U110AM15p0,110.00000000,315.00000000
CU110AM10p0,CX,46.04179300,-119.52015163,0.0,0.0,C,U110AM10p0,110.00000000,320.00000000
CU110AM05p0,CX,50.33154592,-122.39768976,0.0,0.0,C,U110AM05p0,110.00000000,325.00000000
CU110AM03p5,CX,51.59104386,-123.40252118,0.0,0.0,C,U110AM03p5,110.00000000,326.50000000
CU110AM03p0,CX,52.00761237,-123.75393195,0.0,0.0,C,U110AM03p0,110.00000000,327.00000000
CU110AM02p5,CX,52.42245606,-124.11396714,0.0,0.0,C,U110AM02p5,110.00000000,327.49999999
CU110AM02p0,CX,52.83551595,-124.48287260,0.0,0.0,C,U110AM02p0,110.00000000,328.00000000
CU110AP00p0,CX,54.46865224,-126.05238873,0.0,0.0,C,U110AP00p0,110.00000000,330.00000000
CU110AP02p0,CX,56.06786508,-127.78557782,0.0,0.0,C,U110AP02p0,110.00000000,332.00000000
CU110AP02p5,CX,56.46178786,-128.24670763,0.0,0.0,C,U110AP02p5,110.00000000,332.50000001
CU110AP03p0,CX,56.85318768,-128.71961584,0.0,0.0,C,U110AP03p0,110.00000000,333.00000000
CU110AP03p5,CX,57.24197302,-129.20464028,0.0,0.0,C,U110AP03p5,110.00000000,333.50000000
CU110AP05p0,CX,58.39166942,-130.73591740,0.0,0.0,C,U110AP05p0,110.00000000,335.00000000
CU110AP10p0,CX,62.00910928,-136.78082110,0.0,0.0,C,U110AP10p0,110.00000000,340.00000000
CU110AP15p0,CX,65.18578309,-144.58338725,0.0,0.0,C,U110AP15p0,110.00000000,345.00000000
CU110AP20p0,CX,67.73125550,-154.49444974,0.0,0.0,C,U110AP20p0,110.00000000,350.00000000
CU115AM20p0,CX,35.63104239,-121.32976994,0.0,0.0,C,U115AM20p0,115.00000000,310.00000000
CU115AM15p0,CX,39.85570743,-123.40319873,0.0,0.0,C,U115AM15p0,115.00000000,315.00000000
CU115AM10p0,CX,43.96923688,-125.95885566,0.0,0.0,C,U115AM10p0,115.00000000,320.00000000
CU115AM05p0,CX,47.93659356,-129.11051032,0.0,0.0,C,U115AM05p0,115.00000000,325.00000000
CU115AM03p5,CX,49.09157751,-130.19301928,0.0,0.0,C,U115AM03p5,115.00000000,326.50000000
CU115AM03p0,CX,49.47245601,-130.56939255,0.0,0.0,C,U115AM03p0,115.00000000,327.00000000
CU115AM02p5,CX,49.85117554,-130.95382047,0.0,0.0,C,U115AM02p5,115.00000000,327.50000000
CU115AM02p0,CX,50.22767265,-131.34647964,0.0,0.0,C,U115AM02p0,115.00000000,328.00000000
CU115AP00p0,CX,51.71009587,-133.00307153,0.0,0.0,C,U115AP00p0,115.00000000,330.00000000
CU115AP02p0,CX,53.15133368,-134.80628155,0.0,0.0,C,U115AP02p0,115.00000000,332.00000000
CU115AP02p5,CX,53.50462041,-135.28146131,0.0,0.0,C,U115AP02p5,115.00000000,332.50000000
CU115AP03p0,CX,53.85492911,-135.76679395,0.0,0.0,C,U115AP03p0,115.00000000,333.00000000
CU115AP03p5,CX,54.20217078,-136.26248314,0.0,0.0,C,U115AP03p5,115.00000000,333.50000000
CU115AP05p0,CX,55.22456333,-137.81373882,0.0,0.0,C,U115AP05p0,115.00000000,335.00000000
CU115AP10p0,CX,58.39166942,-143.74127305,0.0,0.0,C,U115AP10p0,115.00000000,340.00000000
CU115AP15p0,CX,61.09544437,-150.96800679,0.0,0.0,C,U115AP15p0,115.00000000,345.00000000
CU115AP20p0,CX,63.19404288,-159.57518660,0.0,0.0,C,U115AP20p0,115.00000000,350.00000000
CU120AM20p0,CX,33.82584497,-127.00450199,0.0,0.0,C,U120AM20p0,120.00000000,310.00000000
CU120AM15p0,CX,37.76124391,-129.23152048,0.0,0.0,C,U120AM15p0,120.00000000,315.00000000
CU120AM10p0,CX,41.56076257,-131.93010518,0.0,0.0,C,U120AM10p0,120.00000000,319.99999999
CU120AM05p0,CX,45.18664540,-135.18786942,0.0,0.0,C,U120AM05p0,120.00000000,325.00000000
CU120AM03p5,CX,46.23362550,-136.28915666,0.0,0.0,C,U120AM03p5,120.00000000,326.50000000
CU120AM03p0,CX,46.57793519,-136.66996681,0.0,0.0,C,U120AM03p0,120.00000000,326.99999999
CU120AM02p5,CX,46.91980519,-137.05781843,0.0,0.0,C,U120AM02p5,120.00000000,327.50000000
CU120AM02p0,CX,47.25917465,-137.45282287,0.0,0.0,C,U120AM02p0,120.00000000,328.00000000
CU120AP00p0,CX,48.59037789,-139.10660535,0.0,0.0,C,U120AP00p0,120.00000000,330.00000000
CU120AP02p0,CX,49.87631310,-140.88376357,0.0,0.0,C,U120AP02p0,120.00000000,332.00000000
CU120AP02p5,CX,50.19019002,-141.34815610,0.0,0.0,C,U120AP02p5,120.00000000,332.50000000
CU120AP03p0,CX,50.50087389,-141.82080451,0.0,0.0,C,U120AP03p0,120.00000000,333.00000001
CU120AP03p5,CX,50.80828677,-142.30181317,0.0,0.0,C,U120AP03p5,120.00000000,333.50000000
CU120AP05p0,CX,51.71009586,-143.79601026,0.0,0.0,C,U120AP05p0,120.00000000,335.00000000
CU120AP10p0,CX,54.46865224,-149.35765796,0.0,0.0,C,U120AP10p0,120.00000000,340.00000001
CU120AP15p0,CX,56.77405780,-155.85389154,0.0,0.0,C,U120AP15p0,120.00000000,345.00000000
CU120AP20p0,CX,58.52505111,-163.26042247,0.0,0.0,C,U120AP20p0,120.00000000,350.00000000
CU125AM20p0,CX,31.77202614,-132.42906076,0.0,0.0,C,U125AM20p0,125.00000000,310.00000000
CU125AM15p0,CX,35.39626013,-134.71911439,0.0,0.0,C,U125AM15p0,125.00000000,315.00000000
CU125AM10p0,CX,38.86642263,-137.44819730,0.0,0.0,C,U125AM10p0,125.00000000,320.00000000
CU125AM05p0,CX,42.14507056,-140.67731009,0.0,0.0,C,U125AM05p0,125.00000000,325.00000000
CU125AM03p5,CX,43.08473967,-141.75313543,0.0,0.0,C,U125AM03p5,125.00000000,326.49999999
CU125AM03p0,CX,43.39299782,-142.12332514,0.0,0.0,C,U125AM03p0,125.00000000,327.00000000
CU125AM02p5,CX,43.69868571,-142.49940942,0.0,0.0,C,U125AM02p5,125.00000000,327.50000000
CU125AM02p0,CX,44.00174924,-142.88144949,0.0,0.0,C,U125AM02p0,125.00000000,328.00000000
CU125AP00p0,CX,45.18664540,-144.47035513,0.0,0.0,C,U125AP00p0,125.00000000,330.00000000
CU125AP02p0,CX,46.32498293,-146.15914023,0.0,0.0,C,U125AP02p0,125.00000000,332.00000000
CU125AP02p5,CX,46.60184013,-146.59733047,0.0,0.0,C,U125AP02p5,125.00000000,332.50000000
CU125AP03p0,CX,46.87548136,-147.04201125,0.0,0.0,C,U125AP03p0,125.00000000,333.00000000
CU125AP03p5,CX,47.14584259,-147.49322473,0.0,0.0,C,U125AP03p5,125.00000000,333.50000001
CU125AP05p0,CX,47.93659356,-148.88643889,0.0,0.0,C,U125AP05p0,125.00000000,335.00000000
CU125AP10p0,CX,50.33154593,-153.96655464,0.0,0.0,C,U125AP10p0,125.00000000,340.00000000
CU125AP15p0,CX,52.30155367,-159.71407930,0.0,0.0,C,U125AP15p0,125.00000000,345.00000000
CU125AP20p0,CX,53.77546044,-166.07191181,0.0,0.0,C,U125AP20p0,125.00000000,350.00000000
CU130AM20p0,CX,29.49870423,-137.60591396,0.0,0.0,C,U130AM20p0,130.00000000,310.00000000
CU130AM15p0,CX,32.79775133,-139.87925979,0.0,0.0,C,U130AM15p0,130.00000000,315.00000000
CU130AM10p0,CX,35.93195832,-142.54628044,0.0,0.0,C,U130AM10p0,130.00000000,319.99999999
CU130AM05p0,CX,38.86642263,-145.64498095,0.0,0.0,C,U130AM05p0,130.00000000,324.99999999
CU130AM03p5,CX,39.70192001,-146.66416552,0.0,0.0,C,U130AM03p5,130.00000000,326.50000000
CU130AM03p0,CX,39.97542091,-147.01338432,0.0,0.0,C,U130AM03p0,130.00000000,327.00000000
CU130AM02p5,CX,40.24634800,-147.36739674,0.0,0.0,C,U130AM02p5,130.00000000,327.49999999
CU130AM02p0,CX,40.51465570,-147.72622998,0.0,0.0,C,U130AM02p0,130.00000000,328.00000000
CU130AP00p0,CX,41.56076257,-149.21026697,0.0,0.0,C,U130AP00p0,130.00000000,330.00000000
CU130AP02p0,CX,42.56118121,-150.77323042,0.0,0.0,C,U130AP02p0,130.00000000,332.00000000
CU130AP02p5,CX,42.80378080,-151.17642598,0.0,0.0,C,U130AP02p5,130.00000000,332.50000001
CU130AP03p0,CX,43.04327862,-151.58462590,0.0,0.0,C,U130AP03p0,130.00000000,333.00000000
CU130AP03p5,CX,43.27962414,-151.99783746,0.0,0.0,C,U130AP03p5,130.00000000,333.50000000
CU130AP05p0,CX,43.96923688,-153.26757731,0.0,0.0,C,U130AP05p0,130.00000000,335.00000001
CU130AP10p0,CX,46.04179300,-157.82400742,0.0,0.0,C,U130AP10p0,130.00000000,340.00000001
CU130AP15p0,CX,47.72648461,-162.85769858,0.0,0.0,C,U130AP15p0,130.00000000,345.00000000
CU130AP20p0,CX,48.97353863,-168.30792279,0.0,0.0,C,U130AP20p0,130.00000000,350.00000000
CU135AM20p0,CX,27.03402084,-142.54628044,0.0,0.0,C,U135AM20p0,135.00000000,310.00000000
CU135AM15p0,CX,30.00000000,-144.73561031,0.0,0.0,C,U135AM15p0,135.00000000,315.00000000
CU135AM10p0,CX,32.79775133,-147.26759279,0.0,0.0,C,U135AM10p0,135.00000000,320.00000000
CU135AM05p0,CX,35.39626014,-150.16243353,0.0,0.0,C,U135AM05p0,135.00000000,325.00000001
CU135AM03p5,CX,36.13191398,-151.10406974,0.0,0.0,C,U135AM03p5,135.00000000,326.49999999
CU135AM03p0,CX,36.37229711,-151.42556390,0.0,0.0,C,U135AM03p0,135.00000000,327.00000000
CU135AM02p5,CX,36.61020176,-151.75087915,0.0,0.0,C,U135AM02p5,135.00000000,327.50000001
CU135AM02p0,CX,36.84559088,-152.08002179,0.0,0.0,C,U135AM02p0,135.00000000,328.00000001
CU135AP00p0,CX,37.76124391,-153.43494882,0.0,0.0,C,U135AP00p0,135.00000000,330.00000000
CU135AP02p0,CX,38.63363178,-154.85127962,0.0,0.0,C,U135AP02p0,135.00000000,331.99999999
CU135AP02p5,CX,38.84468120,-155.21493390,0.0,0.0,C,U135AP02p5,135.00000000,332.49999999
CU135AP03p0,CX,39.05283433,-155.58240268,0.0,0.0,C,U135AP03p0,135.00000000,333.00000000
CU135AP03p5,CX,39.25805238,-155.95367584,0.0,0.0,C,U135AP03p5,135.00000000,333.50000001
CU135AP05p0,CX,39.85570743,-157.09019287,0.0,0.0,C,U135AP05p0,135.00000000,334.99999999
CU135AP10p0,CX,41.64114327,-161.11827877,0.0,0.0,C,U135AP10p0,135.00000000,340.00000000
CU135AP15p0,CX,43.07951715,-165.48918130,0.0,0.0,C,U135AP15p0,135.00000000,345.00000000
CU135AP20p0,CX,44.13602946,-170.14892389,0.0,0.0,C,U135AP20p0,135.00000000,350.00000000
