instance_id,family_id,parameter_source,old_type,old_tier,source_role,radius_km,thickness_km,dVs_percent,dVp_percent,dRho_percent,lateral_taper_km,top_taper_km,original_endpoint,within_family_interpolation,interpolation_weight,evidence_source,provenance_note
ULVZ001,F_legacy_anchor,legacy_parameter_anchor,C1,core,core,240.0000,15.0000,-20.0000,0.0000,0.0000,0.0000,0.0000,true,false,,A+ production type provenance,project sensitivity design; production-compatible circular uniform-body interface
ULVZ002,F_legacy_anchor,legacy_parameter_anchor,C1,core,core,240.0000,15.0000,-20.0000,0.0000,0.0000,0.0000,0.0000,true,false,,A+ production type provenance,project sensitivity design; production-compatible circular uniform-body interface
ULVZ003,F_legacy_anchor,legacy_parameter_anchor,C1,core,core,240.0000,15.0000,-20.0000,0.0000,0.0000,0.0000,0.0000,true,false,,A+ production type provenance,project sensitivity design; production-compatible circular uniform-body interface
ULVZ004,F_legacy_anchor,legacy_parameter_anchor,C2,core,core,655.0000,15.0000,-20.0000,0.0000,0.0000,0.0000,0.0000,true,false,,A+ production type provenance,project sensitivity design; production-compatible circular uniform-body interface
ULVZ005,F_legacy_anchor,legacy_parameter_anchor,C2,core,core,655.0000,15.0000,-20.0000,0.0000,0.0000,0.0000,0.0000,true,false,,A+ production type provenance,project sensitivity design; production-compatible circular uniform-body interface
ULVZ006,F_legacy_anchor,legacy_parameter_anchor,C2,core,core,655.0000,15.0000,-20.0000,0.0000,0.0000,0.0000,0.0000,true,false,,A+ production type provenance,project sensitivity design; production-compatible circular uniform-body interface
ULVZ007,F_legacy_anchor,legacy_parameter_anchor,C3,core,core,655.0000,50.0000,-20.0000,0.0000,0.0000,0.0000,0.0000,true,false,,A+ production type provenance,project sensitivity design; production-compatible circular uniform-body interface
ULVZ008,F_legacy_anchor,legacy_parameter_anchor,C3,core,core,655.0000,50.0000,-20.0000,0.0000,0.0000,0.0000,0.0000,true,false,,A+ production type provenance,project sensitivity design; production-compatible circular uniform-body interface
ULVZ009,F_legacy_anchor,legacy_parameter_anchor,C3,core,core,655.0000,50.0000,-20.0000,0.0000,0.0000,0.0000,0.0000,true,false,,A+ production type provenance,project sensitivity design; production-compatible circular uniform-body interface
ULVZ010,F_legacy_anchor,legacy_parameter_anchor,C4,core,core,400.0000,15.0000,-25.0000,0.0000,0.0000,0.0000,0.0000,true,false,,A+ production type provenance,project sensitivity design; production-compatible circular uniform-body interface
ULVZ011,F_legacy_anchor,legacy_parameter_anchor,C4,core,core,400.0000,15.0000,-25.0000,0.0000,0.0000,0.0000,0.0000,true,false,,A+ production type provenance,project sensitivity design; production-compatible circular uniform-body interface
ULVZ012,F_legacy_anchor,legacy_parameter_anchor,C4,core,core,400.0000,15.0000,-25.0000,0.0000,0.0000,0.0000,0.0000,true,false,,A+ production type provenance,project sensitivity design; production-compatible circular uniform-body interface
ULVZ013,F_legacy_anchor,legacy_parameter_anchor,C5,core,core,400.0000,15.0000,-25.0000,-10.0000,0.0000,0.0000,0.0000,true,false,,A+ production type provenance,project sensitivity design; production-compatible circular uniform-body interface
ULVZ014,F_legacy_anchor,legacy_parameter_anchor,C5,core,core,400.0000,15.0000,-25.0000,-10.0000,0.0000,0.0000,0.0000,true,false,,A+ production type provenance,project sensitivity design; production-compatible circular uniform-body interface
ULVZ015,F_legacy_anchor,legacy_parameter_anchor,C5,core,core,400.0000,15.0000,-25.0000,-10.0000,0.0000,0.0000,0.0000,true,false,,A+ production type provenance,project sensitivity design; production-compatible circular uniform-body interface
ULVZ016,F_legacy_anchor,legacy_parameter_anchor,C6,core,core,240.0000,15.0000,-10.0000,0.0000,0.0000,0.0000,0.0000,true,false,,A+ production type provenance,project sensitivity design; production-compatible circular uniform-body interface
ULVZ017,F_legacy_anchor,legacy_parameter_anchor,C6,core,core,240.0000,15.0000,-10.0000,0.0000,0.0000,0.0000,0.0000,true,false,,A+ production type provenance,project sensitivity design; production-compatible circular uniform-body interface
ULVZ018,F_legacy_anchor,legacy_parameter_anchor,C6,core,core,240.0000,15.0000,-10.0000,0.0000,0.0000,0.0000,0.0000,true,false,,A+ production type provenance,project sensitivity design; production-compatible circular uniform-body interface
ULVZ019,F_legacy_anchor,legacy_parameter_anchor,C7,core,core,240.0000,15.0000,-30.0000,0.0000,0.0000,0.0000,0.0000,true,false,,A+ production type provenance,project sensitivity design; production-compatible circular uniform-body interface
ULVZ020,F_legacy_anchor,legacy_parameter_anchor,C7,core,core,240.0000,15.0000,-30.0000,0.0000,0.0000,0.0000,0.0000,true,false,,A+ production type provenance,project sensitivity design; production-compatible circular uniform-body interface
ULVZ021,F_legacy_anchor,legacy_parameter_anchor,C7,core,core,240.0000,15.0000,-30.0000,0.0000,0.0000,0.0000,0.0000,true,false,,A+ production type provenance,project sensitivity design; production-compatible circular uniform-body interface
ULVZ022,F_legacy_anchor,legacy_parameter_anchor,H1,heldout,heldout,240.0000,50.0000,-30.0000,0.0000,0.0000,0.0000,0.0000,true,false,,A+ production type provenance,project sensitivity design; production-compatible circular uniform-body interface
ULVZ023,F_legacy_anchor,legacy_parameter_anchor,H1,heldout,heldout,240.0000,50.0000,-30.0000,0.0000,0.0000,0.0000,0.0000,true,false,,A+ production type provenance,project sensitivity design; production-compatible circular uniform-body interface
ULVZ024,F_legacy_anchor,legacy_parameter_anchor,H1,heldout,heldout,240.0000,50.0000,-30.0000,0.0000,0.0000,0.0000,0.0000,true,false,,A+ production type provenance,project sensitivity design; production-compatible circular uniform-body interface
ULVZ025,F_legacy_anchor,legacy_parameter_anchor,H2,heldout,heldout,400.0000,15.0000,-25.0000,-15.0000,0.0000,0.0000,0.0000,true,false,,A+ production type provenance,project sensitivity design; production-compatible circular uniform-body interface
ULVZ026,F_legacy_anchor,legacy_parameter_anchor,H2,heldout,heldout,400.0000,15.0000,-25.0000,-15.0000,0.0000,0.0000,0.0000,true,false,,A+ production type provenance,project sensitivity design; production-compatible circular uniform-body interface
ULVZ027,F_legacy_anchor,legacy_parameter_anchor,H2,heldout,heldout,400.0000,15.0000,-25.0000,-15.0000,0.0000,0.0000,0.0000,true,false,,A+ production type provenance,project sensitivity design; production-compatible circular uniform-body interface
ULVZ028,F_legacy_anchor,legacy_parameter_anchor,X1,challenge,challenge,655.0000,50.0000,-30.0000,0.0000,0.0000,0.0000,0.0000,true,false,,A+ production type provenance,project sensitivity design; production-compatible circular uniform-body interface
ULVZ029,F_legacy_anchor,legacy_parameter_anchor,X1,challenge,challenge,655.0000,50.0000,-30.0000,0.0000,0.0000,0.0000,0.0000,true,false,,A+ production type provenance,project sensitivity design; production-compatible circular uniform-body interface
ULVZ030,F_legacy_anchor,legacy_parameter_anchor,X1,challenge,challenge,655.0000,50.0000,-30.0000,0.0000,0.0000,0.0000,0.0000,true,false,,A+ production type provenance,project sensitivity design; production-compatible circular uniform-body interface
ULVZ031,F_legacy_anchor,legacy_parameter_anchor,X2,challenge,challenge,240.0000,15.0000,-40.0000,0.0000,0.0000,0.0000,0.0000,true,false,,A+ production type provenance,project sensitivity design; production-compatible circular uniform-body interface
ULVZ032,F_legacy_anchor,legacy_parameter_anchor,X2,challenge,challenge,240.0000,15.0000,-40.0000,0.0000,0.0000,0.0000,0.0000,true,false,,A+ production type provenance,project sensitivity design; production-compatible circular uniform-body interface
ULVZ033,F_legacy_anchor,legacy_parameter_anchor,X2,challenge,challenge,240.0000,15.0000,-40.0000,0.0000,0.0000,0.0000,0.0000,true,false,,A+ production type provenance,project sensitivity design; production-compatible circular uniform-body interface
ULVZ034,F_small_dvs,family_interpolant,NONE,,project_sensitivity,240.0000,15.0000,-10.4545,0.0000,0.0000,0.0000,0.0000,false,true,0.02272727,results/ulvz_ml_parameter_value_redesign_upgrade_20260814T162404Z,project sensitivity design; production-compatible circular uniform-body interface
ULVZ035,F_small_dvs,family_interpolant,NONE,,project_sensitivity,240.0000,15.0000,-11.3636,0.0000,0.0000,0.0000,0.0000,false,true,0.06818182,results/ulvz_ml_parameter_value_redesign_upgrade_20260814T162404Z,project sensitivity design; production-compatible circular uniform-body interface
ULVZ036,F_small_dvs,family_interpolant,NONE,,project_sensitivity,240.0000,15.0000,-12.2727,0.0000,0.0000,0.0000,0.0000,false,true,0.11363636,results/ulvz_ml_parameter_value_redesign_upgrade_20260814T162404Z,project sensitivity design; production-compatible circular uniform-body interface
ULVZ037,F_small_dvs,family_interpolant,NONE,,project_sensitivity,240.0000,15.0000,-13.1818,0.0000,0.0000,0.0000,0.0000,false,true,0.15909091,results/ulvz_ml_parameter_value_redesign_upgrade_20260814T162404Z,project sensitivity design; production-compatible circular uniform-body interface
ULVZ038,F_small_dvs,family_interpolant,NONE,,project_sensitivity,240.0000,15.0000,-14.0909,0.0000,0.0000,0.0000,0.0000,false,true,0.20454545,results/ulvz_ml_parameter_value_redesign_upgrade_20260814T162404Z,project sensitivity design; production-compatible circular uniform-body interface
ULVZ039,F_small_dvs,family_interpolant,NONE,,project_sensitivity,240.0000,15.0000,-15.0000,0.0000,0.0000,0.0000,0.0000,false,true,0.25000000,results/ulvz_ml_parameter_value_redesign_upgrade_20260814T162404Z,project sensitivity design; production-compatible circular uniform-body interface
ULVZ040,F_small_dvs,family_interpolant,NONE,,project_sensitivity,240.0000,15.0000,-15.9091,0.0000,0.0000,0.0000,0.0000,false,true,0.29545455,results/ulvz_ml_parameter_value_redesign_upgrade_20260814T162404Z,project sensitivity design; production-compatible circular uniform-body interface
ULVZ041,F_small_dvs,family_interpolant,NONE,,project_sensitivity,240.0000,15.0000,-16.8182,0.0000,0.0000,0.0000,0.0000,false,true,0.34090909,results/ulvz_ml_parameter_value_redesign_upgrade_20260814T162404Z,project sensitivity design; production-compatible circular uniform-body interface
ULVZ042,F_small_dvs,family_interpolant,NONE,,project_sensitivity,240.0000,15.0000,-17.7273,0.0000,0.0000,0.0000,0.0000,false,true,0.38636364,results/ulvz_ml_parameter_value_redesign_upgrade_20260814T162404Z,project sensitivity design; production-compatible circular uniform-body interface
ULVZ043,F_small_dvs,family_interpolant,NONE,,project_sensitivity,240.0000,15.0000,-18.6364,0.0000,0.0000,0.0000,0.0000,false,true,0.43181818,results/ulvz_ml_parameter_value_redesign_upgrade_20260814T162404Z,project sensitivity design; production-compatible circular uniform-body interface
ULVZ044,F_small_dvs,family_interpolant,NONE,,project_sensitivity,240.0000,15.0000,-19.5455,0.0000,0.0000,0.0000,0.0000,false,true,0.47727273,results/ulvz_ml_parameter_value_redesign_upgrade_20260814T162404Z,project sensitivity design; production-compatible circular uniform-body interface
ULVZ045,F_small_dvs,family_interpolant,NONE,,project_sensitivity,240.0000,15.0000,-20.4545,0.0000,0.0000,0.0000,0.0000,false,true,0.52272727,results/ulvz_ml_parameter_value_redesign_upgrade_20260814T162404Z,project sensitivity design; production-compatible circular uniform-body interface
ULVZ046,F_small_dvs,family_interpolant,NONE,,project_sensitivity,240.0000,15.0000,-21.3636,0.0000,0.0000,0.0000,0.0000,false,true,0.56818182,results/ulvz_ml_parameter_value_redesign_upgrade_20260814T162404Z,project sensitivity design; production-compatible circular uniform-body interface
ULVZ047,F_small_dvs,family_interpolant,NONE,,project_sensitivity,240.0000,15.0000,-22.2727,0.0000,0.0000,0.0000,0.0000,false,true,0.61363636,results/ulvz_ml_parameter_value_redesign_upgrade_20260814T162404Z,project sensitivity design; production-compatible circular uniform-body interface
ULVZ048,F_small_dvs,family_interpolant,NONE,,project_sensitivity,240.0000,15.0000,-23.1818,0.0000,0.0000,0.0000,0.0000,false,true,0.65909091,results/ulvz_ml_parameter_value_redesign_upgrade_20260814T162404Z,project sensitivity design; production-compatible circular uniform-body interface
ULVZ049,F_small_dvs,family_interpolant,NONE,,project_sensitivity,240.0000,15.0000,-24.0909,0.0000,0.0000,0.0000,0.0000,false,true,0.70454545,results/ulvz_ml_parameter_value_redesign_upgrade_20260814T162404Z,project sensitivity design; production-compatible circular uniform-body interface
ULVZ050,F_small_dvs,family_interpolant,NONE,,project_sensitivity,240.0000,15.0000,-25.0000,0.0000,0.0000,0.0000,0.0000,false,true,0.75000000,results/ulvz_ml_parameter_value_redesign_upgrade_20260814T162404Z,project sensitivity design; production-compatible circular uniform-body interface
ULVZ051,F_small_dvs,family_interpolant,NONE,,project_sensitivity,240.0000,15.0000,-25.9091,0.0000,0.0000,0.0000,0.0000,false,true,0.79545455,results/ulvz_ml_parameter_value_redesign_upgrade_20260814T162404Z,project sensitivity design; production-compatible circular uniform-body interface
ULVZ052,F_small_dvs,family_interpolant,NONE,,project_sensitivity,240.0000,15.0000,-26.8182,0.0000,0.0000,0.0000,0.0000,false,true,0.84090909,results/ulvz_ml_parameter_value_redesign_upgrade_20260814T162404Z,project sensitivity design; production-compatible circular uniform-body interface
ULVZ053,F_small_dvs,family_interpolant,NONE,,project_sensitivity,240.0000,15.0000,-27.7273,0.0000,0.0000,0.0000,0.0000,false,true,0.88636364,results/ulvz_ml_parameter_value_redesign_upgrade_20260814T162404Z,project sensitivity design; production-compatible circular uniform-body interface
ULVZ054,F_small_dvs,family_interpolant,NONE,,project_sensitivity,240.0000,15.0000,-28.6364,0.0000,0.0000,0.0000,0.0000,false,true,0.93181818,results/ulvz_ml_parameter_value_redesign_upgrade_20260814T162404Z,project sensitivity design; production-compatible circular uniform-body interface
ULVZ055,F_small_dvs,family_interpolant,NONE,,project_sensitivity,240.0000,15.0000,-29.5455,0.0000,0.0000,0.0000,0.0000,false,true,0.97727273,results/ulvz_ml_parameter_value_redesign_upgrade_20260814T162404Z,project sensitivity design; production-compatible circular uniform-body interface
ULVZ056,F_p_control,family_interpolant,NONE,,project_sensitivity,400.0000,15.0000,-25.0000,-0.3409,0.0000,0.0000,0.0000,false,true,0.02272727,results/ulvz_ml_parameter_value_redesign_20260814T153654Z,project sensitivity design; production-compatible circular uniform-body interface
ULVZ057,F_p_control,family_interpolant,NONE,,project_sensitivity,400.0000,15.0000,-25.0000,-1.0227,0.0000,0.0000,0.0000,false,true,0.06818182,results/ulvz_ml_parameter_value_redesign_20260814T153654Z,project sensitivity design; production-compatible circular uniform-body interface
ULVZ058,F_p_control,family_interpolant,NONE,,project_sensitivity,400.0000,15.0000,-25.0000,-1.7045,0.0000,0.0000,0.0000,false,true,0.11363636,results/ulvz_ml_parameter_value_redesign_20260814T153654Z,project sensitivity design; production-compatible circular uniform-body interface
ULVZ059,F_p_control,family_interpolant,NONE,,project_sensitivity,400.0000,15.0000,-25.0000,-2.3864,0.0000,0.0000,0.0000,false,true,0.15909091,results/ulvz_ml_parameter_value_redesign_20260814T153654Z,project sensitivity design; production-compatible circular uniform-body interface
ULVZ060,F_p_control,family_interpolant,NONE,,project_sensitivity,400.0000,15.0000,-25.0000,-3.0682,0.0000,0.0000,0.0000,false,true,0.20454545,results/ulvz_ml_parameter_value_redesign_20260814T153654Z,project sensitivity design; production-compatible circular uniform-body interface
ULVZ061,F_p_control,family_interpolant,NONE,,project_sensitivity,400.0000,15.0000,-25.0000,-3.7500,0.0000,0.0000,0.0000,false,true,0.25000000,results/ulvz_ml_parameter_value_redesign_20260814T153654Z,project sensitivity design; production-compatible circular uniform-body interface
ULVZ062,F_p_control,family_interpolant,NONE,,project_sensitivity,400.0000,15.0000,-25.0000,-4.4318,0.0000,0.0000,0.0000,false,true,0.29545455,results/ulvz_ml_parameter_value_redesign_20260814T153654Z,project sensitivity design; production-compatible circular uniform-body interface
ULVZ063,F_p_control,family_interpolant,NONE,,project_sensitivity,400.0000,15.0000,-25.0000,-5.1136,0.0000,0.0000,0.0000,false,true,0.34090909,results/ulvz_ml_parameter_value_redesign_20260814T153654Z,project sensitivity design; production-compatible circular uniform-body interface
ULVZ064,F_p_control,family_interpolant,NONE,,project_sensitivity,400.0000,15.0000,-25.0000,-5.7955,0.0000,0.0000,0.0000,false,true,0.38636364,results/ulvz_ml_parameter_value_redesign_20260814T153654Z,project sensitivity design; production-compatible circular uniform-body interface
ULVZ065,F_p_control,family_interpolant,NONE,,project_sensitivity,400.0000,15.0000,-25.0000,-6.4773,0.0000,0.0000,0.0000,false,true,0.43181818,results/ulvz_ml_parameter_value_redesign_20260814T153654Z,project sensitivity design; production-compatible circular uniform-body interface
ULVZ066,F_p_control,family_interpolant,NONE,,project_sensitivity,400.0000,15.0000,-25.0000,-7.1591,0.0000,0.0000,0.0000,false,true,0.47727273,results/ulvz_ml_parameter_value_redesign_20260814T153654Z,project sensitivity design; production-compatible circular uniform-body interface
ULVZ067,F_p_control,family_interpolant,NONE,,project_sensitivity,400.0000,15.0000,-25.0000,-7.8409,0.0000,0.0000,0.0000,false,true,0.52272727,results/ulvz_ml_parameter_value_redesign_20260814T153654Z,project sensitivity design; production-compatible circular uniform-body interface
ULVZ068,F_p_control,family_interpolant,NONE,,project_sensitivity,400.0000,15.0000,-25.0000,-8.5227,0.0000,0.0000,0.0000,false,true,0.56818182,results/ulvz_ml_parameter_value_redesign_20260814T153654Z,project sensitivity design; production-compatible circular uniform-body interface
ULVZ069,F_p_control,family_interpolant,NONE,,project_sensitivity,400.0000,15.0000,-25.0000,-9.2045,0.0000,0.0000,0.0000,false,true,0.61363636,results/ulvz_ml_parameter_value_redesign_20260814T153654Z,project sensitivity design; production-compatible circular uniform-body interface
ULVZ070,F_p_control,family_interpolant,NONE,,project_sensitivity,400.0000,15.0000,-25.0000,-9.8864,0.0000,0.0000,0.0000,false,true,0.65909091,results/ulvz_ml_parameter_value_redesign_20260814T153654Z,project sensitivity design; production-compatible circular uniform-body interface
ULVZ071,F_p_control,family_interpolant,NONE,,project_sensitivity,400.0000,15.0000,-25.0000,-10.5682,0.0000,0.0000,0.0000,false,true,0.70454545,results/ulvz_ml_parameter_value_redesign_20260814T153654Z,project sensitivity design; production-compatible circular uniform-body interface
ULVZ072,F_p_control,family_interpolant,NONE,,project_sensitivity,400.0000,15.0000,-25.0000,-11.2500,0.0000,0.0000,0.0000,false,true,0.75000000,results/ulvz_ml_parameter_value_redesign_20260814T153654Z,project sensitivity design; production-compatible circular uniform-body interface
ULVZ073,F_p_control,family_interpolant,NONE,,project_sensitivity,400.0000,15.0000,-25.0000,-11.9318,0.0000,0.0000,0.0000,false,true,0.79545455,results/ulvz_ml_parameter_value_redesign_20260814T153654Z,project sensitivity design; production-compatible circular uniform-body interface
ULVZ074,F_p_control,family_interpolant,NONE,,project_sensitivity,400.0000,15.0000,-25.0000,-12.6136,0.0000,0.0000,0.0000,false,true,0.84090909,results/ulvz_ml_parameter_value_redesign_20260814T153654Z,project sensitivity design; production-compatible circular uniform-body interface
ULVZ075,F_p_control,family_interpolant,NONE,,project_sensitivity,400.0000,15.0000,-25.0000,-13.2955,0.0000,0.0000,0.0000,false,true,0.88636364,results/ulvz_ml_parameter_value_redesign_20260814T153654Z,project sensitivity design; production-compatible circular uniform-body interface
ULVZ076,F_p_control,family_interpolant,NONE,,project_sensitivity,400.0000,15.0000,-25.0000,-13.9773,0.0000,0.0000,0.0000,false,true,0.93181818,results/ulvz_ml_parameter_value_redesign_20260814T153654Z,project sensitivity design; production-compatible circular uniform-body interface
ULVZ077,F_p_control,family_interpolant,NONE,,project_sensitivity,400.0000,15.0000,-25.0000,-14.6591,0.0000,0.0000,0.0000,false,true,0.97727273,results/ulvz_ml_parameter_value_redesign_20260814T153654Z,project sensitivity design; production-compatible circular uniform-body interface
ULVZ078,F_small_thickness_velocity,family_interpolant,NONE,,project_sensitivity,240.0000,10.2273,-20.2273,0.0000,0.0000,0.0000,0.0000,false,true,0.02272727,batch_02::B02-E152; batch_02::B02-E104,project sensitivity design; production-compatible circular uniform-body interface
ULVZ079,F_small_thickness_velocity,family_interpolant,NONE,,project_sensitivity,240.0000,10.6818,-20.6818,0.0000,0.0000,0.0000,0.0000,false,true,0.06818182,batch_02::B02-E152; batch_02::B02-E104,project sensitivity design; production-compatible circular uniform-body interface
ULVZ080,F_small_thickness_velocity,family_interpolant,NONE,,project_sensitivity,240.0000,11.1364,-21.1364,0.0000,0.0000,0.0000,0.0000,false,true,0.11363636,batch_02::B02-E152; batch_02::B02-E104,project sensitivity design; production-compatible circular uniform-body interface
ULVZ081,F_small_thickness_velocity,family_interpolant,NONE,,project_sensitivity,240.0000,11.5909,-21.5909,0.0000,0.0000,0.0000,0.0000,false,true,0.15909091,batch_02::B02-E152; batch_02::B02-E104,project sensitivity design; production-compatible circular uniform-body interface
ULVZ082,F_small_thickness_velocity,family_interpolant,NONE,,project_sensitivity,240.0000,12.0455,-22.0455,0.0000,0.0000,0.0000,0.0000,false,true,0.20454545,batch_02::B02-E152; batch_02::B02-E104,project sensitivity design; production-compatible circular uniform-body interface
ULVZ083,F_small_thickness_velocity,family_interpolant,NONE,,project_sensitivity,240.0000,12.5000,-22.5000,0.0000,0.0000,0.0000,0.0000,false,true,0.25000000,batch_02::B02-E152; batch_02::B02-E104,project sensitivity design; production-compatible circular uniform-body interface
ULVZ084,F_small_thickness_velocity,family_interpolant,NONE,,project_sensitivity,240.0000,12.9545,-22.9545,0.0000,0.0000,0.0000,0.0000,false,true,0.29545455,batch_02::B02-E152; batch_02::B02-E104,project sensitivity design; production-compatible circular uniform-body interface
ULVZ085,F_small_thickness_velocity,family_interpolant,NONE,,project_sensitivity,240.0000,13.4091,-23.4091,0.0000,0.0000,0.0000,0.0000,false,true,0.34090909,batch_02::B02-E152; batch_02::B02-E104,project sensitivity design; production-compatible circular uniform-body interface
ULVZ086,F_small_thickness_velocity,family_interpolant,NONE,,project_sensitivity,240.0000,13.8636,-23.8636,0.0000,0.0000,0.0000,0.0000,false,true,0.38636364,batch_02::B02-E152; batch_02::B02-E104,project sensitivity design; production-compatible circular uniform-body interface
ULVZ087,F_small_thickness_velocity,family_interpolant,NONE,,project_sensitivity,240.0000,14.3182,-24.3182,0.0000,0.0000,0.0000,0.0000,false,true,0.43181818,batch_02::B02-E152; batch_02::B02-E104,project sensitivity design; production-compatible circular uniform-body interface
ULVZ088,F_small_thickness_velocity,family_interpolant,NONE,,project_sensitivity,240.0000,14.7727,-24.7727,0.0000,0.0000,0.0000,0.0000,false,true,0.47727273,batch_02::B02-E152; batch_02::B02-E104,project sensitivity design; production-compatible circular uniform-body interface
ULVZ089,F_small_thickness_velocity,family_interpolant,NONE,,project_sensitivity,240.0000,15.2273,-25.2273,0.0000,0.0000,0.0000,0.0000,false,true,0.52272727,batch_02::B02-E152; batch_02::B02-E104,project sensitivity design; production-compatible circular uniform-body interface
ULVZ090,F_small_thickness_velocity,family_interpolant,NONE,,project_sensitivity,240.0000,15.6818,-25.6818,0.0000,0.0000,0.0000,0.0000,false,true,0.56818182,batch_02::B02-E152; batch_02::B02-E104,project sensitivity design; production-compatible circular uniform-body interface
ULVZ091,F_small_thickness_velocity,family_interpolant,NONE,,project_sensitivity,240.0000,16.1364,-26.1364,0.0000,0.0000,0.0000,0.0000,false,true,0.61363636,batch_02::B02-E152; batch_02::B02-E104,project sensitivity design; production-compatible circular uniform-body interface
ULVZ092,F_small_thickness_velocity,family_interpolant,NONE,,project_sensitivity,240.0000,16.5909,-26.5909,0.0000,0.0000,0.0000,0.0000,false,true,0.65909091,batch_02::B02-E152; batch_02::B02-E104,project sensitivity design; production-compatible circular uniform-body interface
ULVZ093,F_small_thickness_velocity,family_interpolant,NONE,,project_sensitivity,240.0000,17.0455,-27.0455,0.0000,0.0000,0.0000,0.0000,false,true,0.70454545,batch_02::B02-E152; batch_02::B02-E104,project sensitivity design; production-compatible circular uniform-body interface
ULVZ094,F_small_thickness_velocity,family_interpolant,NONE,,project_sensitivity,240.0000,17.5000,-27.5000,0.0000,0.0000,0.0000,0.0000,false,true,0.75000000,batch_02::B02-E152; batch_02::B02-E104,project sensitivity design; production-compatible circular uniform-body interface
ULVZ095,F_small_thickness_velocity,family_interpolant,NONE,,project_sensitivity,240.0000,17.9545,-27.9545,0.0000,0.0000,0.0000,0.0000,false,true,0.79545455,batch_02::B02-E152; batch_02::B02-E104,project sensitivity design; production-compatible circular uniform-body interface
ULVZ096,F_small_thickness_velocity,family_interpolant,NONE,,project_sensitivity,240.0000,18.4091,-28.4091,0.0000,0.0000,0.0000,0.0000,false,true,0.84090909,batch_02::B02-E152; batch_02::B02-E104,project sensitivity design; production-compatible circular uniform-body interface
ULVZ097,F_small_thickness_velocity,family_interpolant,NONE,,project_sensitivity,240.0000,18.8636,-28.8636,0.0000,0.0000,0.0000,0.0000,false,true,0.88636364,batch_02::B02-E152; batch_02::B02-E104,project sensitivity design; production-compatible circular uniform-body interface
ULVZ098,F_small_thickness_velocity,family_interpolant,NONE,,project_sensitivity,240.0000,19.3182,-29.3182,0.0000,0.0000,0.0000,0.0000,false,true,0.93181818,batch_02::B02-E152; batch_02::B02-E104,project sensitivity design; production-compatible circular uniform-body interface
ULVZ099,F_small_thickness_velocity,family_interpolant,NONE,,project_sensitivity,240.0000,19.7727,-29.7727,0.0000,0.0000,0.0000,0.0000,false,true,0.97727273,batch_02::B02-E152; batch_02::B02-E104,project sensitivity design; production-compatible circular uniform-body interface
ULVZ100,F_density_sensitivity,survey_family_sample,NONE,,project_sensitivity,240.0000,15.0000,-20.0000,0.0000,0.5882,0.0000,0.0000,false,true,0.02941176,S04_DRHO10/S05_DRHO20; density is sensitivity input,project sensitivity design; production-compatible circular uniform-body interface
ULVZ101,F_density_sensitivity,survey_family_sample,NONE,,project_sensitivity,240.0000,15.0000,-20.0000,0.0000,1.7647,0.0000,0.0000,false,true,0.08823529,S04_DRHO10/S05_DRHO20; density is sensitivity input,project sensitivity design; production-compatible circular uniform-body interface
ULVZ102,F_density_sensitivity,survey_family_sample,NONE,,project_sensitivity,240.0000,15.0000,-20.0000,0.0000,2.9412,0.0000,0.0000,false,true,0.14705882,S04_DRHO10/S05_DRHO20; density is sensitivity input,project sensitivity design; production-compatible circular uniform-body interface
ULVZ103,F_density_sensitivity,survey_family_sample,NONE,,project_sensitivity,240.0000,15.0000,-20.0000,0.0000,4.1176,0.0000,0.0000,false,true,0.20588235,S04_DRHO10/S05_DRHO20; density is sensitivity input,project sensitivity design; production-compatible circular uniform-body interface
ULVZ104,F_density_sensitivity,survey_family_sample,NONE,,project_sensitivity,240.0000,15.0000,-20.0000,0.0000,5.2941,0.0000,0.0000,false,true,0.26470588,S04_DRHO10/S05_DRHO20; density is sensitivity input,project sensitivity design; production-compatible circular uniform-body interface
ULVZ105,F_density_sensitivity,survey_family_sample,NONE,,project_sensitivity,240.0000,15.0000,-20.0000,0.0000,6.4706,0.0000,0.0000,false,true,0.32352941,S04_DRHO10/S05_DRHO20; density is sensitivity input,project sensitivity design; production-compatible circular uniform-body interface
ULVZ106,F_density_sensitivity,survey_family_sample,NONE,,project_sensitivity,240.0000,15.0000,-20.0000,0.0000,7.6471,0.0000,0.0000,false,true,0.38235294,S04_DRHO10/S05_DRHO20; density is sensitivity input,project sensitivity design; production-compatible circular uniform-body interface
ULVZ107,F_density_sensitivity,survey_family_sample,NONE,,project_sensitivity,240.0000,15.0000,-20.0000,0.0000,8.8235,0.0000,0.0000,false,true,0.44117647,S04_DRHO10/S05_DRHO20; density is sensitivity input,project sensitivity design; production-compatible circular uniform-body interface
ULVZ108,F_density_sensitivity,survey_family_sample,NONE,,project_sensitivity,240.0000,15.0000,-20.0000,0.0000,10.0000,0.0000,0.0000,false,true,0.50000000,S04_DRHO10/S05_DRHO20; density is sensitivity input,project sensitivity design; production-compatible circular uniform-body interface
ULVZ109,F_density_sensitivity,survey_family_sample,NONE,,project_sensitivity,240.0000,15.0000,-20.0000,0.0000,11.1765,0.0000,0.0000,false,true,0.55882353,S04_DRHO10/S05_DRHO20; density is sensitivity input,project sensitivity design; production-compatible circular uniform-body interface
ULVZ110,F_density_sensitivity,survey_family_sample,NONE,,project_sensitivity,240.0000,15.0000,-20.0000,0.0000,12.3529,0.0000,0.0000,false,true,0.61764706,S04_DRHO10/S05_DRHO20; density is sensitivity input,project sensitivity design; production-compatible circular uniform-body interface
ULVZ111,F_density_sensitivity,survey_family_sample,NONE,,project_sensitivity,240.0000,15.0000,-20.0000,0.0000,13.5294,0.0000,0.0000,false,true,0.67647059,S04_DRHO10/S05_DRHO20; density is sensitivity input,project sensitivity design; production-compatible circular uniform-body interface
ULVZ112,F_density_sensitivity,survey_family_sample,NONE,,project_sensitivity,240.0000,15.0000,-20.0000,0.0000,14.7059,0.0000,0.0000,false,true,0.73529412,S04_DRHO10/S05_DRHO20; density is sensitivity input,project sensitivity design; production-compatible circular uniform-body interface
ULVZ113,F_density_sensitivity,survey_family_sample,NONE,,project_sensitivity,240.0000,15.0000,-20.0000,0.0000,15.8824,0.0000,0.0000,false,true,0.79411765,S04_DRHO10/S05_DRHO20; density is sensitivity input,project sensitivity design; production-compatible circular uniform-body interface
ULVZ114,F_density_sensitivity,survey_family_sample,NONE,,project_sensitivity,240.0000,15.0000,-20.0000,0.0000,17.0588,0.0000,0.0000,false,true,0.85294118,S04_DRHO10/S05_DRHO20; density is sensitivity input,project sensitivity design; production-compatible circular uniform-body interface
ULVZ115,F_density_sensitivity,survey_family_sample,NONE,,project_sensitivity,240.0000,15.0000,-20.0000,0.0000,18.2353,0.0000,0.0000,false,true,0.91176471,S04_DRHO10/S05_DRHO20; density is sensitivity input,project sensitivity design; production-compatible circular uniform-body interface
ULVZ116,F_density_sensitivity,survey_family_sample,NONE,,project_sensitivity,240.0000,15.0000,-20.0000,0.0000,19.4118,0.0000,0.0000,false,true,0.97058824,S04_DRHO10/S05_DRHO20; density is sensitivity input,project sensitivity design; production-compatible circular uniform-body interface
ULVZ117,F_small_medium_tradeoff,survey_family_sample,NONE,,project_sensitivity,188.0882,10.2941,-29.7059,0.0000,0.0000,0.0000,0.0000,false,true,0.02941176,batch_02::B02-E104; project sensitivity assumption after location decoupling,project sensitivity design; production-compatible circular uniform-body interface
ULVZ118,F_small_medium_tradeoff,survey_family_sample,NONE,,project_sensitivity,204.2647,10.8824,-29.1176,0.0000,0.0000,0.0000,0.0000,false,true,0.08823529,batch_02::B02-E104; project sensitivity assumption after location decoupling,project sensitivity design; production-compatible circular uniform-body interface
ULVZ119,F_small_medium_tradeoff,survey_family_sample,NONE,,project_sensitivity,220.4412,11.4706,-28.5294,0.0000,0.0000,0.0000,0.0000,false,true,0.14705882,batch_02::B02-E104; project sensitivity assumption after location decoupling,project sensitivity design; production-compatible circular uniform-body interface
ULVZ120,F_small_medium_tradeoff,survey_family_sample,NONE,,project_sensitivity,236.6176,12.0588,-27.9412,0.0000,0.0000,0.0000,0.0000,false,true,0.20588235,batch_02::B02-E104; project sensitivity assumption after location decoupling,project sensitivity design; production-compatible circular uniform-body interface
ULVZ121,F_small_medium_tradeoff,survey_family_sample,NONE,,project_sensitivity,252.7941,12.6471,-27.3529,0.0000,0.0000,0.0000,0.0000,false,true,0.26470588,batch_02::B02-E104; project sensitivity assumption after location decoupling,project sensitivity design; production-compatible circular uniform-body interface
ULVZ122,F_small_medium_tradeoff,survey_family_sample,NONE,,project_sensitivity,268.9706,13.2353,-26.7647,0.0000,0.0000,0.0000,0.0000,false,true,0.32352941,batch_02::B02-E104; project sensitivity assumption after location decoupling,project sensitivity design; production-compatible circular uniform-body interface
ULVZ123,F_small_medium_tradeoff,survey_family_sample,NONE,,project_sensitivity,285.1471,13.8235,-26.1765,0.0000,0.0000,0.0000,0.0000,false,true,0.38235294,batch_02::B02-E104; project sensitivity assumption after location decoupling,project sensitivity design; production-compatible circular uniform-body interface
ULVZ124,F_small_medium_tradeoff,survey_family_sample,NONE,,project_sensitivity,301.3235,14.4118,-25.5882,0.0000,0.0000,0.0000,0.0000,false,true,0.44117647,batch_02::B02-E104; project sensitivity assumption after location decoupling,project sensitivity design; production-compatible circular uniform-body interface
ULVZ125,F_small_medium_tradeoff,survey_family_sample,NONE,,project_sensitivity,317.5000,15.0000,-25.0000,0.0000,0.0000,0.0000,0.0000,false,true,0.50000000,batch_02::B02-E104; project sensitivity assumption after location decoupling,project sensitivity design; production-compatible circular uniform-body interface
ULVZ126,F_small_medium_tradeoff,survey_family_sample,NONE,,project_sensitivity,333.6765,15.5882,-24.4118,0.0000,0.0000,0.0000,0.0000,false,true,0.55882353,batch_02::B02-E104; project sensitivity assumption after location decoupling,project sensitivity design; production-compatible circular uniform-body interface
ULVZ127,F_small_medium_tradeoff,survey_family_sample,NONE,,project_sensitivity,349.8529,16.1765,-23.8235,0.0000,0.0000,0.0000,0.0000,false,true,0.61764706,batch_02::B02-E104; project sensitivity assumption after location decoupling,project sensitivity design; production-compatible circular uniform-body interface
ULVZ128,F_small_medium_tradeoff,survey_family_sample,NONE,,project_sensitivity,366.0294,16.7647,-23.2353,0.0000,0.0000,0.0000,0.0000,false,true,0.67647059,batch_02::B02-E104; project sensitivity assumption after location decoupling,project sensitivity design; production-compatible circular uniform-body interface
ULVZ129,F_small_medium_tradeoff,survey_family_sample,NONE,,project_sensitivity,382.2059,17.3529,-22.6471,0.0000,0.0000,0.0000,0.0000,false,true,0.73529412,batch_02::B02-E104; project sensitivity assumption after location decoupling,project sensitivity design; production-compatible circular uniform-body interface
ULVZ130,F_small_medium_tradeoff,survey_family_sample,NONE,,project_sensitivity,398.3824,17.9412,-22.0588,0.0000,0.0000,0.0000,0.0000,false,true,0.79411765,batch_02::B02-E104; project sensitivity assumption after location decoupling,project sensitivity design; production-compatible circular uniform-body interface
ULVZ131,F_small_medium_tradeoff,survey_family_sample,NONE,,project_sensitivity,414.5588,18.5294,-21.4706,0.0000,0.0000,0.0000,0.0000,false,true,0.85294118,batch_02::B02-E104; project sensitivity assumption after location decoupling,project sensitivity design; production-compatible circular uniform-body interface
ULVZ132,F_small_medium_tradeoff,survey_family_sample,NONE,,project_sensitivity,430.7353,19.1176,-20.8824,0.0000,0.0000,0.0000,0.0000,false,true,0.91176471,batch_02::B02-E104; project sensitivity assumption after location decoupling,project sensitivity design; production-compatible circular uniform-body interface
ULVZ133,F_small_medium_tradeoff,survey_family_sample,NONE,,project_sensitivity,446.9118,19.7059,-20.2941,0.0000,0.0000,0.0000,0.0000,false,true,0.97058824,batch_02::B02-E104; project sensitivity assumption after location decoupling,project sensitivity design; production-compatible circular uniform-body interface
ULVZ134,F_mega_height,survey_family_sample,NONE,,project_sensitivity,655.0000,16.0294,-20.0000,0.0000,0.0000,0.0000,0.0000,false,true,0.02941176,batch_02::B02-E065; pilot::E004,project sensitivity design; production-compatible circular uniform-body interface
ULVZ135,F_mega_height,survey_family_sample,NONE,,project_sensitivity,655.0000,18.0882,-20.0000,0.0000,0.0000,0.0000,0.0000,false,true,0.08823529,batch_02::B02-E065; pilot::E004,project sensitivity design; production-compatible circular uniform-body interface
ULVZ136,F_mega_height,survey_family_sample,NONE,,project_sensitivity,655.0000,20.1471,-20.0000,0.0000,0.0000,0.0000,0.0000,false,true,0.14705882,batch_02::B02-E065; pilot::E004,project sensitivity design; production-compatible circular uniform-body interface
ULVZ137,F_mega_height,survey_family_sample,NONE,,project_sensitivity,655.0000,22.2059,-20.0000,0.0000,0.0000,0.0000,0.0000,false,true,0.20588235,batch_02::B02-E065; pilot::E004,project sensitivity design; production-compatible circular uniform-body interface
ULVZ138,F_mega_height,survey_family_sample,NONE,,project_sensitivity,655.0000,24.2647,-20.0000,0.0000,0.0000,0.0000,0.0000,false,true,0.26470588,batch_02::B02-E065; pilot::E004,project sensitivity design; production-compatible circular uniform-body interface
ULVZ139,F_mega_height,survey_family_sample,NONE,,project_sensitivity,655.0000,26.3235,-20.0000,0.0000,0.0000,0.0000,0.0000,false,true,0.32352941,batch_02::B02-E065; pilot::E004,project sensitivity design; production-compatible circular uniform-body interface
ULVZ140,F_mega_height,survey_family_sample,NONE,,project_sensitivity,655.0000,28.3824,-20.0000,0.0000,0.0000,0.0000,0.0000,false,true,0.38235294,batch_02::B02-E065; pilot::E004,project sensitivity design; production-compatible circular uniform-body interface
ULVZ141,F_mega_height,survey_family_sample,NONE,,project_sensitivity,655.0000,30.4412,-20.0000,0.0000,0.0000,0.0000,0.0000,false,true,0.44117647,batch_02::B02-E065; pilot::E004,project sensitivity design; production-compatible circular uniform-body interface
ULVZ142,F_mega_height,survey_family_sample,NONE,,project_sensitivity,655.0000,32.5000,-20.0000,0.0000,0.0000,0.0000,0.0000,false,true,0.50000000,batch_02::B02-E065; pilot::E004,project sensitivity design; production-compatible circular uniform-body interface
ULVZ143,F_mega_height,survey_family_sample,NONE,,project_sensitivity,655.0000,34.5588,-20.0000,0.0000,0.0000,0.0000,0.0000,false,true,0.55882353,batch_02::B02-E065; pilot::E004,project sensitivity design; production-compatible circular uniform-body interface
ULVZ144,F_mega_height,survey_family_sample,NONE,,project_sensitivity,655.0000,36.6176,-20.0000,0.0000,0.0000,0.0000,0.0000,false,true,0.61764706,batch_02::B02-E065; pilot::E004,project sensitivity design; production-compatible circular uniform-body interface
ULVZ145,F_mega_height,survey_family_sample,NONE,,project_sensitivity,655.0000,38.6765,-20.0000,0.0000,0.0000,0.0000,0.0000,false,true,0.67647059,batch_02::B02-E065; pilot::E004,project sensitivity design; production-compatible circular uniform-body interface
ULVZ146,F_mega_height,survey_family_sample,NONE,,project_sensitivity,655.0000,40.7353,-20.0000,0.0000,0.0000,0.0000,0.0000,false,true,0.73529412,batch_02::B02-E065; pilot::E004,project sensitivity design; production-compatible circular uniform-body interface
ULVZ147,F_mega_height,survey_family_sample,NONE,,project_sensitivity,655.0000,42.7941,-20.0000,0.0000,0.0000,0.0000,0.0000,false,true,0.79411765,batch_02::B02-E065; pilot::E004,project sensitivity design; production-compatible circular uniform-body interface
ULVZ148,F_mega_height,survey_family_sample,NONE,,project_sensitivity,655.0000,44.8529,-20.0000,0.0000,0.0000,0.0000,0.0000,false,true,0.85294118,batch_02::B02-E065; pilot::E004,project sensitivity design; production-compatible circular uniform-body interface
ULVZ149,F_mega_height,survey_family_sample,NONE,,project_sensitivity,655.0000,46.9118,-20.0000,0.0000,0.0000,0.0000,0.0000,false,true,0.91176471,batch_02::B02-E065; pilot::E004,project sensitivity design; production-compatible circular uniform-body interface
ULVZ150,F_mega_height,survey_family_sample,NONE,,project_sensitivity,655.0000,48.9706,-20.0000,0.0000,0.0000,0.0000,0.0000,false,true,0.97058824,batch_02::B02-E065; pilot::E004,project sensitivity design; production-compatible circular uniform-body interface
