run_id,source_id,stage,baseline_pair_id,source_depth_km,strike_deg,dip_deg,rake_deg,m0_dyne_cm,nchunks,nex_xi,nex_eta,nproc_xi,nproc_eta,oceans,ellipticity,topography,gravity,rotation,attenuation,absorbing_conditions,dt_s,record_length_minutes,expected_nstep,expected_npts,station_count,n_ulvz,scratch_path,execution_order,input_hash,preflight_status,body1_instance_id,body1_sector,body1_position_id,body1_latitude_deg,body1_longitude_deg,body1_radius_km,body1_thickness_km,body1_dVs_percent,body1_dVp_percent,body1_dRho_percent,body1_lateral_taper_km,body1_top_taper_km,body2_instance_id,body2_sector,body2_position_id,body2_latitude_deg,body2_longitude_deg,body2_radius_km,body2_thickness_km,body2_dVs_percent,body2_dVp_percent,body2_dRho_percent,body2_lateral_taper_km,body2_top_taper_km,body3_instance_id,body3_sector,body3_position_id,body3_latitude_deg,body3_longitude_deg,body3_radius_km,body3_thickness_km,body3_dVs_percent,body3_dVp_percent,body3_dRho_percent,body3_lateral_taper_km,body3_top_taper_km
SRC001_B0,SRC001,stage1_baseline,SRC001_B0,12.0000,170.0,43.0,-91.0,1.00000000e+26,6,448,448,8,8,.false.,.true.,.false.,.true.,.true.,.true.,.false.,0.1,42,25400,25400,510,0,/scratch/yiy/ulvz/SRC001_B0/DATABASES_MPI/,1,6ac1a261d55c278184d8eb8cdaef302b0456081a9992ad704cebb0bf6acb5856,PASS,,,,,,,,,,,,,,,,,,,,,,,,,,,,,,,,,,,,
SRC001_TRIULVZ,SRC001,stage2_multi,SRC001_B0,12.0000,170.0,43.0,-91.0,1.00000000e+26,6,448,448,8,8,.false.,.true.,.false.,.true.,.true.,.true.,.false.,0.1,42,25400,25400,510,3,/scratch/yiy/ulvz/SRC001_TRIULVZ/DATABASES_MPI/,51,b3b5b8ad1e791ca56c1db5eebd8a147ab83e005ba1f3ff134e7b5e3440382fbb,PASS,ULVZ071,A,A_G07,-2.50000000,52.00000000,400.0000,15.0000,-25.0000,-10.5682,0.0000,0.0000,0.0000,ULVZ120,B,B_G08,-43.20354590,-28.23813616,236.6176,12.0588,-27.9412,0.0000,0.0000,0.0000,0.0000,ULVZ090,C,C_G04,45.53792330,-36.03605854,240.0000,15.6818,-25.6818,0.0000,0.0000,0.0000,0.0000
SRC002_B0,SRC002,stage1_baseline,SRC002_B0,12.0000,234.0,33.0,76.0,1.00000000e+26,6,448,448,8,8,.false.,.true.,.false.,.true.,.true.,.true.,.false.,0.1,42,25400,25400,510,0,/scratch/yiy/ulvz/SRC002_B0/DATABASES_MPI/,2,df3aabc3ab8561550a29e3f9947bee88bc0ff9dfad23bcf2382fcb093b03a4d0,PASS,,,,,,,,,,,,,,,,,,,,,,,,,,,,,,,,,,,,
SRC002_TRIULVZ,SRC002,stage2_multi,SRC002_B0,12.0000,234.0,33.0,76.0,1.00000000e+26,6,448,448,8,8,.false.,.true.,.false.,.true.,.true.,.true.,.false.,0.1,42,25400,25400,510,3,/scratch/yiy/ulvz/SRC002_TRIULVZ/DATABASES_MPI/,52,9d0827fae0dccdaec1b31cc63b059826a7cc0e69f0cc9d7cccc13512ef60d015,PASS,ULVZ096,A,A_G01,-0.50000000,49.50000000,240.0000,18.4091,-28.4091,0.0000,0.0000,0.0000,0.0000,ULVZ068,B,B_G02,-43.74113282,-32.58662529,400.0000,15.0000,-25.0000,-8.5227,0.0000,0.0000,0.0000,ULVZ106,C,C_G05,48.26164894,-40.32564815,240.0000,15.0000,-20.0000,0.0000,7.6471,0.0000,0.0000
SRC003_B0,SRC003,stage1_baseline,SRC003_B0,12.0000,154.0,10.0,27.0,1.00000000e+26,6,448,448,8,8,.false.,.true.,.false.,.true.,.true.,.true.,.false.,0.1,42,25400,25400,510,0,/scratch/yiy/ulvz/SRC003_B0/DATABASES_MPI/,3,44bb5ae48fe3ab83cb7abb808c17ba754d0fe7031c5afa34a3258284a5843281,PASS,,,,,,,,,,,,,,,,,,,,,,,,,,,,,,,,,,,,
SRC003_TRIULVZ,SRC003,stage2_multi,SRC003_B0,12.0000,154.0,10.0,27.0,1.00000000e+26,6,448,448,8,8,.false.,.true.,.false.,.true.,.true.,.true.,.false.,0.1,42,25400,25400,510,3,/scratch/yiy/ulvz/SRC003_TRIULVZ/DATABASES_MPI/,53,a0dd86e09c4e50fe1053acac6db048f63089718b5264efc230a1ec5b736e65ba,PASS,ULVZ011,A,A_G08,2.50000000,50.00000000,400.0000,15.0000,-25.0000,0.0000,0.0000,0.0000,0.0000,ULVZ139,B,B_G04,-45.53792330,-36.03605854,655.0000,26.3235,-20.0000,0.0000,0.0000,0.0000,0.0000,ULVZ081,C,C_G06,50.19019001,-43.84549898,240.0000,11.5909,-21.5909,0.0000,0.0000,0.0000,0.0000
SRC004_B0,SRC004,stage1_baseline,SRC004_B0,12.0000,108.0,61.0,-14.0,1.00000000e+26,6,448,448,8,8,.false.,.true.,.false.,.true.,.true.,.true.,.false.,0.1,42,25400,25400,510,0,/scratch/yiy/ulvz/SRC004_B0/DATABASES_MPI/,4,eb454e1aee7ab908cc3108bb00f536a608e7095662213f183697d5e24f81c2b8,PASS,,,,,,,,,,,,,,,,,,,,,,,,,,,,,,,,,,,,
SRC004_TRIULVZ,SRC004,stage2_multi,SRC004_B0,12.0000,108.0,61.0,-14.0,1.00000000e+26,6,448,448,8,8,.false.,.true.,.false.,.true.,.true.,.true.,.false.,0.1,42,25400,25400,510,3,/scratch/yiy/ulvz/SRC004_TRIULVZ/DATABASES_MPI/,54,e20165d9e7a8777ab260fd452a3f0794bf2e6bcff7614cc16760ca9b517e55ff,PASS,ULVZ030,A,A_G07,-2.50000000,52.00000000,655.0000,50.0000,-30.0000,0.0000,0.0000,0.0000,0.0000,ULVZ060,B,B_G04,-45.53792330,-36.03605854,400.0000,15.0000,-25.0000,-3.0682,0.0000,0.0000,0.0000,ULVZ138,C,C_G08,39.86439939,-33.21280998,655.0000,24.2647,-20.0000,0.0000,0.0000,0.0000,0.0000
SRC005_B0,SRC005,stage1_baseline,SRC005_B0,12.0000,6.0,16.0,86.0,1.00000000e+26,6,448,448,8,8,.false.,.true.,.false.,.true.,.true.,.true.,.false.,0.1,42,25400,25400,510,0,/scratch/yiy/ulvz/SRC005_B0/DATABASES_MPI/,5,2a45cfc6059da410aed185a3c48fb1c24aae5ea2a5905e443e3be0dbfcdf8e48,PASS,,,,,,,,,,,,,,,,,,,,,,,,,,,,,,,,,,,,
SRC005_TRIULVZ,SRC005,stage2_multi,SRC005_B0,12.0000,6.0,16.0,86.0,1.00000000e+26,6,448,448,8,8,.false.,.true.,.false.,.true.,.true.,.true.,.false.,0.1,42,25400,25400,510,3,/scratch/yiy/ulvz/SRC005_TRIULVZ/DATABASES_MPI/,55,33d83a94b8c4633519f568ca38a2c4cfdbc3e7aed129a1cf8731072864e5d176,PASS,ULVZ026,A,A_G05,0.00000000,59.50000000,400.0000,15.0000,-25.0000,-15.0000,0.0000,0.0000,0.0000,ULVZ038,B,B_G03,-38.91690376,-27.78430053,240.0000,15.0000,-14.0909,0.0000,0.0000,0.0000,0.0000,ULVZ001,C,C_G07,44.71634893,-30.05173316,240.0000,15.0000,-20.0000,0.0000,0.0000,0.0000,0.0000
SRC006_B0,SRC006,stage1_baseline,SRC006_B0,14.0000,350.0,44.0,-87.0,1.00000000e+26,6,448,448,8,8,.false.,.true.,.false.,.true.,.true.,.true.,.false.,0.1,42,25400,25400,510,0,/scratch/yiy/ulvz/SRC006_B0/DATABASES_MPI/,6,772c976e3c411788571771a7bcfe161620a60ab28c96758099cfebc91b620110,PASS,,,,,,,,,,,,,,,,,,,,,,,,,,,,,,,,,,,,
SRC006_TRIULVZ,SRC006,stage2_multi,SRC006_B0,14.0000,350.0,44.0,-87.0,1.00000000e+26,6,448,448,8,8,.false.,.true.,.false.,.true.,.true.,.true.,.false.,0.1,42,25400,25400,510,3,/scratch/yiy/ulvz/SRC006_TRIULVZ/DATABASES_MPI/,56,66e1b458cfdca37cb08820de90c1598c76db2ea170a4e6593033b7006e7984b0,PASS,ULVZ014,A,A_G04,0.00000000,55.50000000,400.0000,15.0000,-25.0000,-10.0000,0.0000,0.0000,0.0000,ULVZ140,B,B_G07,-41.29820323,-35.04531474,655.0000,28.3824,-20.0000,0.0000,0.0000,0.0000,0.0000,ULVZ093,C,C_G03,38.91690376,-27.78430053,240.0000,17.0455,-27.0455,0.0000,0.0000,0.0000,0.0000
SRC007_B0,SRC007,stage1_baseline,SRC007_B0,14.2000,100.0,19.0,32.0,1.00000000e+26,6,448,448,8,8,.false.,.true.,.false.,.true.,.true.,.true.,.false.,0.1,42,25400,25400,510,0,/scratch/yiy/ulvz/SRC007_B0/DATABASES_MPI/,7,30d18aa9359b6a0c508b6f111901ee051ab6e6999babf0abcb1a014988aadd0c,PASS,,,,,,,,,,,,,,,,,,,,,,,,,,,,,,,,,,,,
SRC007_TRIULVZ,SRC007,stage2_multi,SRC007_B0,14.2000,100.0,19.0,32.0,1.00000000e+26,6,448,448,8,8,.false.,.true.,.false.,.true.,.true.,.true.,.false.,0.1,42,25400,25400,510,3,/scratch/yiy/ulvz/SRC007_TRIULVZ/DATABASES_MPI/,57,f9e25a348104f540f344132e65abc039b727893be4b389c8495e86859d2939f8,PASS,ULVZ119,A,A_G06,0.00000000,62.50000000,220.4412,11.4706,-28.5294,0.0000,0.0000,0.0000,0.0000,ULVZ009,B,B_G06,-50.19019001,-43.84549898,655.0000,50.0000,-20.0000,0.0000,0.0000,0.0000,0.0000,ULVZ047,C,C_G03,38.91690376,-27.78430053,240.0000,15.0000,-22.2727,0.0000,0.0000,0.0000,0.0000
SRC008_B0,SRC008,stage1_baseline,SRC008_B0,15.0000,237.0,49.0,-16.0,1.00000000e+26,6,448,448,8,8,.false.,.true.,.false.,.true.,.true.,.true.,.false.,0.1,42,25400,25400,510,0,/scratch/yiy/ulvz/SRC008_B0/DATABASES_MPI/,8,b4a3d00f3426dc3f589e7ab66e5a42c73b3694f5892dc395a616567df51dca65,PASS,,,,,,,,,,,,,,,,,,,,,,,,,,,,,,,,,,,,
SRC008_TRIULVZ,SRC008,stage2_multi,SRC008_B0,15.0000,237.0,49.0,-16.0,1.00000000e+26,6,448,448,8,8,.false.,.true.,.false.,.true.,.true.,.true.,.false.,0.1,42,25400,25400,510,3,/scratch/yiy/ulvz/SRC008_TRIULVZ/DATABASES_MPI/,58,710315b31426a4235f06f1d5606559c905234f3ecbcbe2380686f7fa52b13a6c,PASS,ULVZ146,A,A_G02,0.50000000,52.50000000,655.0000,40.7353,-20.0000,0.0000,0.0000,0.0000,0.0000,ULVZ013,B,B_G06,-50.19019001,-43.84549898,400.0000,15.0000,-25.0000,-10.0000,0.0000,0.0000,0.0000,ULVZ016,C,C_G02,43.05301016,-33.58525590,240.0000,15.0000,-10.0000,0.0000,0.0000,0.0000,0.0000
SRC009_B0,SRC009,stage1_baseline,SRC009_B0,15.0000,342.0,40.0,-93.0,1.00000000e+26,6,448,448,8,8,.false.,.true.,.false.,.true.,.true.,.true.,.false.,0.1,42,25400,25400,510,0,/scratch/yiy/ulvz/SRC009_B0/DATABASES_MPI/,9,0b78de2e028a3b86f8572925d44da9c61d28b5a60cbc178012c47ea6d9680510,PASS,,,,,,,,,,,,,,,,,,,,,,,,,,,,,,,,,,,,
SRC009_TRIULVZ,SRC009,stage2_multi,SRC009_B0,15.0000,342.0,40.0,-93.0,1.00000000e+26,6,448,448,8,8,.false.,.true.,.false.,.true.,.true.,.true.,.false.,0.1,42,25400,25400,510,3,/scratch/yiy/ulvz/SRC009_TRIULVZ/DATABASES_MPI/,59,c4ce399fcd88a7900cd3c8df529f4f91beb37ffcc5532f7f4949cde54addd79f,PASS,ULVZ008,A,A_G01,-0.50000000,49.50000000,655.0000,50.0000,-20.0000,0.0000,0.0000,0.0000,0.0000,ULVZ083,B,B_G01,-40.85466479,-30.83981523,240.0000,12.5000,-22.5000,0.0000,0.0000,0.0000,0.0000,ULVZ023,C,C_G08,39.86439939,-33.21280998,240.0000,50.0000,-30.0000,0.0000,0.0000,0.0000,0.0000
SRC010_B0,SRC010,stage1_baseline,SRC010_B0,15.0000,280.0,7.0,75.0,1.00000000e+26,6,448,448,8,8,.false.,.true.,.false.,.true.,.true.,.true.,.false.,0.1,42,25400,25400,510,0,/scratch/yiy/ulvz/SRC010_B0/DATABASES_MPI/,10,9656f74ea479a4b3dfa93491e47162d2126f3677a955ad644ecf6fa8dbb71785,PASS,,,,,,,,,,,,,,,,,,,,,,,,,,,,,,,,,,,,
SRC010_TRIULVZ,SRC010,stage2_multi,SRC010_B0,15.0000,280.0,7.0,75.0,1.00000000e+26,6,448,448,8,8,.false.,.true.,.false.,.true.,.true.,.true.,.false.,0.1,42,25400,25400,510,3,/scratch/yiy/ulvz/SRC010_TRIULVZ/DATABASES_MPI/,60,13f52e936c10c83b980209260e3e29cbcd8b70178928e683e2c06a7b07de9920,PASS,ULVZ059,A,A_G01,-0.50000000,49.50000000,400.0000,15.0000,-25.0000,-2.3864,0.0000,0.0000,0.0000,ULVZ123,B,B_G04,-45.53792330,-36.03605854,285.1471,13.8235,-26.1765,0.0000,0.0000,0.0000,0.0000,ULVZ136,C,C_G07,44.71634893,-30.05173316,655.0000,20.1471,-20.0000,0.0000,0.0000,0.0000,0.0000
SRC011_B0,SRC011,stage1_baseline,SRC011_B0,15.0000,288.0,77.0,174.0,1.00000000e+26,6,448,448,8,8,.false.,.true.,.false.,.true.,.true.,.true.,.false.,0.1,42,25400,25400,510,0,/scratch/yiy/ulvz/SRC011_B0/DATABASES_MPI/,11,c26e42d93b99561d07119139dedd998cc56b99b2a680e713b1dca3db009f1f73,PASS,,,,,,,,,,,,,,,,,,,,,,,,,,,,,,,,,,,,
SRC011_TRIULVZ,SRC011,stage2_multi,SRC011_B0,15.0000,288.0,77.0,174.0,1.00000000e+26,6,448,448,8,8,.false.,.true.,.false.,.true.,.true.,.true.,.false.,0.1,42,25400,25400,510,3,/scratch/yiy/ulvz/SRC011_TRIULVZ/DATABASES_MPI/,61,5c43654656812807d91c020563a52ac6230d41580fcb4cbbd41e315329f723f3,PASS,ULVZ111,A,A_G07,-2.50000000,52.00000000,240.0000,15.0000,-20.0000,0.0000,13.5294,0.0000,0.0000,ULVZ125,B,B_G07,-41.29820323,-35.04531474,317.5000,15.0000,-25.0000,0.0000,0.0000,0.0000,0.0000,ULVZ085,C,C_G07,44.71634893,-30.05173316,240.0000,13.4091,-23.4091,0.0000,0.0000,0.0000,0.0000
SRC012_B0,SRC012,stage1_baseline,SRC012_B0,15.0000,127.0,34.0,-99.0,1.00000000e+26,6,448,448,8,8,.false.,.true.,.false.,.true.,.true.,.true.,.false.,0.1,42,25400,25400,510,0,/scratch/yiy/ulvz/SRC012_B0/DATABASES_MPI/,12,6f6243ba5163db9a13a0ede686cdcbacb520f8eb3ca0982092b15ae8731809db,PASS,,,,,,,,,,,,,,,,,,,,,,,,,,,,,,,,,,,,
SRC012_TRIULVZ,SRC012,stage2_multi,SRC012_B0,15.0000,127.0,34.0,-99.0,1.00000000e+26,6,448,448,8,8,.false.,.true.,.false.,.true.,.true.,.true.,.false.,0.1,42,25400,25400,510,3,/scratch/yiy/ulvz/SRC012_TRIULVZ/DATABASES_MPI/,62,6129aa078aab1228e1043f498e728a36bd53cb2de9d298ba04482810fe44227c,PASS,ULVZ050,A,A_G05,0.00000000,59.50000000,240.0000,15.0000,-25.0000,0.0000,0.0000,0.0000,0.0000,ULVZ075,B,B_G04,-45.53792330,-36.03605854,400.0000,15.0000,-25.0000,-13.2955,0.0000,0.0000,0.0000,ULVZ055,C,C_G01,41.51905367,-29.84667315,240.0000,15.0000,-29.5455,0.0000,0.0000,0.0000,0.0000
SRC013_B0,SRC013,stage1_baseline,SRC013_B0,15.0000,25.0,73.0,-166.0,1.00000000e+26,6,448,448,8,8,.false.,.true.,.false.,.true.,.true.,.true.,.false.,0.1,42,25400,25400,510,0,/scratch/yiy/ulvz/SRC013_B0/DATABASES_MPI/,13,46b4f17a7720e56c7cdb2e343abdbda37c1a27ac45db01619d90a7e62bbaf660,PASS,,,,,,,,,,,,,,,,,,,,,,,,,,,,,,,,,,,,
SRC013_TRIULVZ,SRC013,stage2_multi,SRC013_B0,15.0000,25.0,73.0,-166.0,1.00000000e+26,6,448,448,8,8,.false.,.true.,.false.,.true.,.true.,.true.,.false.,0.1,42,25400,25400,510,3,/scratch/yiy/ulvz/SRC013_TRIULVZ/DATABASES_MPI/,63,5be348fef4399da14f0d74ec860f99e3d63446f71b56e678a4bf6410d4ca9fe8,PASS,ULVZ107,A,A_G08,2.50000000,50.00000000,240.0000,15.0000,-20.0000,0.0000,8.8235,0.0000,0.0000,ULVZ003,B,B_G03,-38.91690376,-27.78430053,240.0000,15.0000,-20.0000,0.0000,0.0000,0.0000,0.0000,ULVZ004,C,C_G08,39.86439939,-33.21280998,655.0000,15.0000,-20.0000,0.0000,0.0000,0.0000,0.0000
SRC014_B0,SRC014,stage1_baseline,SRC014_B0,15.0000,306.0,79.0,-177.0,1.00000000e+26,6,448,448,8,8,.false.,.true.,.false.,.true.,.true.,.true.,.false.,0.1,42,25400,25400,510,0,/scratch/yiy/ulvz/SRC014_B0/DATABASES_MPI/,14,46db0f68fa7823db39149184fce15ffc1ead051b395c5621a8b1944b656932ec,PASS,,,,,,,,,,,,,,,,,,,,,,,,,,,,,,,,,,,,
SRC014_TRIULVZ,SRC014,stage2_multi,SRC014_B0,15.0000,306.0,79.0,-177.0,1.00000000e+26,6,448,448,8,8,.false.,.true.,.false.,.true.,.true.,.true.,.false.,0.1,42,25400,25400,510,3,/scratch/yiy/ulvz/SRC014_TRIULVZ/DATABASES_MPI/,64,23e808cd5540634e7b91d533bea40692d8a1f6752a7bcd7474510ad1f8633cae,PASS,ULVZ021,A,A_G03,0.00000000,46.50000000,240.0000,15.0000,-30.0000,0.0000,0.0000,0.0000,0.0000,ULVZ079,B,B_G02,-43.74113282,-32.58662529,240.0000,10.6818,-20.6818,0.0000,0.0000,0.0000,0.0000,ULVZ062,C,C_G06,50.19019001,-43.84549898,400.0000,15.0000,-25.0000,-4.4318,0.0000,0.0000,0.0000
SRC015_B0,SRC015,stage1_baseline,SRC015_B0,15.0000,146.0,32.0,77.0,1.00000000e+26,6,448,448,8,8,.false.,.true.,.false.,.true.,.true.,.true.,.false.,0.1,42,25400,25400,510,0,/scratch/yiy/ulvz/SRC015_B0/DATABASES_MPI/,15,f4713b6250bd3d255e316d1d1e257f94ef3f50f5b6fe2225ce8be582e7135eac,PASS,,,,,,,,,,,,,,,,,,,,,,,,,,,,,,,,,,,,
SRC015_TRIULVZ,SRC015,stage2_multi,SRC015_B0,15.0000,146.0,32.0,77.0,1.00000000e+26,6,448,448,8,8,.false.,.true.,.false.,.true.,.true.,.true.,.false.,0.1,42,25400,25400,510,3,/scratch/yiy/ulvz/SRC015_TRIULVZ/DATABASES_MPI/,65,ed817b0cabdc21c6603c6f4de8db564ff5d2db1390b6f2dafa4327781dae54be,PASS,ULVZ122,A,A_G04,0.00000000,55.50000000,268.9706,13.2353,-26.7647,0.0000,0.0000,0.0000,0.0000,ULVZ118,B,B_G06,-50.19019001,-43.84549898,204.2647,10.8824,-29.1176,0.0000,0.0000,0.0000,0.0000,ULVZ019,C,C_G03,38.91690376,-27.78430053,240.0000,15.0000,-30.0000,0.0000,0.0000,0.0000,0.0000
SRC016_B0,SRC016,stage1_baseline,SRC016_B0,15.0000,289.0,79.0,-177.0,1.00000000e+26,6,448,448,8,8,.false.,.true.,.false.,.true.,.true.,.true.,.false.,0.1,42,25400,25400,510,0,/scratch/yiy/ulvz/SRC016_B0/DATABASES_MPI/,16,0e47dcaf960beed33877877a570d27f45aefaa00b77214f820cba82d621220d4,PASS,,,,,,,,,,,,,,,,,,,,,,,,,,,,,,,,,,,,
SRC016_TRIULVZ,SRC016,stage2_multi,SRC016_B0,15.0000,289.0,79.0,-177.0,1.00000000e+26,6,448,448,8,8,.false.,.true.,.false.,.true.,.true.,.true.,.false.,0.1,42,25400,25400,510,3,/scratch/yiy/ulvz/SRC016_TRIULVZ/DATABASES_MPI/,66,8e95089218c034420a43959c906e604c761b9d89debc998a567c3378fa48c67b,PASS,ULVZ046,A,A_G02,0.50000000,52.50000000,240.0000,15.0000,-21.3636,0.0000,0.0000,0.0000,0.0000,ULVZ098,B,B_G08,-43.20354590,-28.23813616,240.0000,19.3182,-29.3182,0.0000,0.0000,0.0000,0.0000,ULVZ115,C,C_G08,39.86439939,-33.21280998,240.0000,15.0000,-20.0000,0.0000,18.2353,0.0000,0.0000
SRC017_B0,SRC017,stage1_baseline,SRC017_B0,15.5000,125.0,75.0,4.0,1.00000000e+26,6,448,448,8,8,.false.,.true.,.false.,.true.,.true.,.true.,.false.,0.1,42,25400,25400,510,0,/scratch/yiy/ulvz/SRC017_B0/DATABASES_MPI/,17,49f0432e918f0707e01ba94ec74e88bb1873d25a0b43849d30bcacb17066459c,PASS,,,,,,,,,,,,,,,,,,,,,,,,,,,,,,,,,,,,
SRC017_TRIULVZ,SRC017,stage2_multi,SRC017_B0,15.5000,125.0,75.0,4.0,1.00000000e+26,6,448,448,8,8,.false.,.true.,.false.,.true.,.true.,.true.,.false.,0.1,42,25400,25400,510,3,/scratch/yiy/ulvz/SRC017_TRIULVZ/DATABASES_MPI/,67,6a9ba4237d1baf8da2970ce40ee367a1b5662e5166efd80fb6564d84213ba9b3,PASS,ULVZ018,A,A_G07,-2.50000000,52.00000000,240.0000,15.0000,-10.0000,0.0000,0.0000,0.0000,0.0000,ULVZ086,B,B_G06,-50.19019001,-43.84549898,240.0000,13.8636,-23.8636,0.0000,0.0000,0.0000,0.0000,ULVZ020,C,C_G02,43.05301016,-33.58525590,240.0000,15.0000,-30.0000,0.0000,0.0000,0.0000,0.0000
SRC018_B0,SRC018,stage1_baseline,SRC018_B0,16.2000,237.0,36.0,87.0,1.00000000e+26,6,448,448,8,8,.false.,.true.,.false.,.true.,.true.,.true.,.false.,0.1,42,25400,25400,510,0,/scratch/yiy/ulvz/SRC018_B0/DATABASES_MPI/,18,ffd8ea7dab816fabba43edb52af08995fb713f2020447567183ed5b2cd3a5cca,PASS,,,,,,,,,,,,,,,,,,,,,,,,,,,,,,,,,,,,
SRC018_TRIULVZ,SRC018,stage2_multi,SRC018_B0,16.2000,237.0,36.0,87.0,1.00000000e+26,6,448,448,8,8,.false.,.true.,.false.,.true.,.true.,.true.,.false.,0.1,42,25400,25400,510,3,/scratch/yiy/ulvz/SRC018_TRIULVZ/DATABASES_MPI/,68,acb69044b175410b91ef8ccc103685df6c94fac8a9c6fcdee68353b33f08fae8,PASS,ULVZ072,A,A_G07,-2.50000000,52.00000000,400.0000,15.0000,-25.0000,-11.2500,0.0000,0.0000,0.0000,ULVZ043,B,B_G05,-48.26164894,-40.32564815,240.0000,15.0000,-18.6364,0.0000,0.0000,0.0000,0.0000,ULVZ063,C,C_G06,50.19019001,-43.84549898,400.0000,15.0000,-25.0000,-5.1136,0.0000,0.0000,0.0000
SRC019_B0,SRC019,stage1_baseline,SRC019_B0,16.4000,6.0,79.0,-180.0,1.00000000e+26,6,448,448,8,8,.false.,.true.,.false.,.true.,.true.,.true.,.false.,0.1,42,25400,25400,510,0,/scratch/yiy/ulvz/SRC019_B0/DATABASES_MPI/,19,6c1a870c05f12c5139e0dcdb853423bb771c57a11186a91e07d4dd9b067bef29,PASS,,,,,,,,,,,,,,,,,,,,,,,,,,,,,,,,,,,,
SRC019_TRIULVZ,SRC019,stage2_multi,SRC019_B0,16.4000,6.0,79.0,-180.0,1.00000000e+26,6,448,448,8,8,.false.,.true.,.false.,.true.,.true.,.true.,.false.,0.1,42,25400,25400,510,3,/scratch/yiy/ulvz/SRC019_TRIULVZ/DATABASES_MPI/,69,737b43e42006b8a39f092e4d3de05a4b62464b7e53d072347b6496ff564abfaa,PASS,ULVZ017,A,A_G08,2.50000000,50.00000000,240.0000,15.0000,-10.0000,0.0000,0.0000,0.0000,0.0000,ULVZ045,B,B_G01,-40.85466479,-30.83981523,240.0000,15.0000,-20.4545,0.0000,0.0000,0.0000,0.0000,ULVZ095,C,C_G08,39.86439939,-33.21280998,240.0000,17.9545,-27.9545,0.0000,0.0000,0.0000,0.0000
SRC020_B0,SRC020,stage1_baseline,SRC020_B0,17.7000,49.0,83.0,0.0,1.00000000e+26,6,448,448,8,8,.false.,.true.,.false.,.true.,.true.,.true.,.false.,0.1,42,25400,25400,510,0,/scratch/yiy/ulvz/SRC020_B0/DATABASES_MPI/,20,4387e4bce177ffeadee6fd7d34896253f2c78d79630dd2f52be279b4b4731e27,PASS,,,,,,,,,,,,,,,,,,,,,,,,,,,,,,,,,,,,
SRC020_TRIULVZ,SRC020,stage2_multi,SRC020_B0,17.7000,49.0,83.0,0.0,1.00000000e+26,6,448,448,8,8,.false.,.true.,.false.,.true.,.true.,.true.,.false.,0.1,42,25400,25400,510,3,/scratch/yiy/ulvz/SRC020_TRIULVZ/DATABASES_MPI/,70,77dbec62c4b25c6f2cb615a945cc68e28ece379d225c4558c65393d666a87e96,PASS,ULVZ056,A,A_G06,0.00000000,62.50000000,400.0000,15.0000,-25.0000,-0.3409,0.0000,0.0000,0.0000,ULVZ135,B,B_G01,-40.85466479,-30.83981523,655.0000,18.0882,-20.0000,0.0000,0.0000,0.0000,0.0000,ULVZ134,C,C_G03,38.91690376,-27.78430053,655.0000,16.0294,-20.0000,0.0000,0.0000,0.0000,0.0000
SRC021_B0,SRC021,stage1_baseline,SRC021_B0,18.7000,168.0,35.0,-84.0,1.00000000e+26,6,448,448,8,8,.false.,.true.,.false.,.true.,.true.,.true.,.false.,0.1,42,25400,25400,510,0,/scratch/yiy/ulvz/SRC021_B0/DATABASES_MPI/,21,dccdc67e61cf149ead565b23cadbaec265edc15c4c03930cfd45ab922305812b,PASS,,,,,,,,,,,,,,,,,,,,,,,,,,,,,,,,,,,,
SRC021_TRIULVZ,SRC021,stage2_multi,SRC021_B0,18.7000,168.0,35.0,-84.0,1.00000000e+26,6,448,448,8,8,.false.,.true.,.false.,.true.,.true.,.true.,.false.,0.1,42,25400,25400,510,3,/scratch/yiy/ulvz/SRC021_TRIULVZ/DATABASES_MPI/,71,860c9eba9446fe4838a6165ae4e2bbb8bf706e180efe7c462a79c1d113e03ae6,PASS,ULVZ117,A,A_G05,0.00000000,59.50000000,188.0882,10.2941,-29.7059,0.0000,0.0000,0.0000,0.0000,ULVZ031,B,B_G03,-38.91690376,-27.78430053,240.0000,15.0000,-40.0000,0.0000,0.0000,0.0000,0.0000,ULVZ080,C,C_G02,43.05301016,-33.58525590,240.0000,11.1364,-21.1364,0.0000,0.0000,0.0000,0.0000
SRC022_B0,SRC022,stage1_baseline,SRC022_B0,20.0000,78.0,21.0,90.0,1.00000000e+26,6,448,448,8,8,.false.,.true.,.false.,.true.,.true.,.true.,.false.,0.1,42,25400,25400,510,0,/scratch/yiy/ulvz/SRC022_B0/DATABASES_MPI/,22,db1f6d75a87b821a6e9938069f08aa61d3cba209ac259c93c92f4f9479b3561a,PASS,,,,,,,,,,,,,,,,,,,,,,,,,,,,,,,,,,,,
SRC022_TRIULVZ,SRC022,stage2_multi,SRC022_B0,20.0000,78.0,21.0,90.0,1.00000000e+26,6,448,448,8,8,.false.,.true.,.false.,.true.,.true.,.true.,.false.,0.1,42,25400,25400,510,3,/scratch/yiy/ulvz/SRC022_TRIULVZ/DATABASES_MPI/,72,79313011ac7b7716fa7688659bd02d6f19040cfbe4ad401b155c393702fb6e38,PASS,ULVZ141,A,A_G06,0.00000000,62.50000000,655.0000,30.4412,-20.0000,0.0000,0.0000,0.0000,0.0000,ULVZ105,B,B_G04,-45.53792330,-36.03605854,240.0000,15.0000,-20.0000,0.0000,6.4706,0.0000,0.0000,ULVZ022,C,C_G04,45.53792330,-36.03605854,240.0000,50.0000,-30.0000,0.0000,0.0000,0.0000,0.0000
SRC023_B0,SRC023,stage1_baseline,SRC023_B0,21.7000,218.0,16.0,88.0,1.00000000e+26,6,448,448,8,8,.false.,.true.,.false.,.true.,.true.,.true.,.false.,0.1,42,25400,25400,510,0,/scratch/yiy/ulvz/SRC023_B0/DATABASES_MPI/,23,5c2679fd3cbd993e0d0bb1df071eace2199f11bd48dd176dabcc70cd5151777a,PASS,,,,,,,,,,,,,,,,,,,,,,,,,,,,,,,,,,,,
SRC023_TRIULVZ,SRC023,stage2_multi,SRC023_B0,21.7000,218.0,16.0,88.0,1.00000000e+26,6,448,448,8,8,.false.,.true.,.false.,.true.,.true.,.true.,.false.,0.1,42,25400,25400,510,3,/scratch/yiy/ulvz/SRC023_TRIULVZ/DATABASES_MPI/,73,af5b5936d3115bc4375579000b515edffa26c8afc3cb6ab1538ee2c8e9dbc78f,PASS,ULVZ066,A,A_G03,0.00000000,46.50000000,400.0000,15.0000,-25.0000,-7.1591,0.0000,0.0000,0.0000,ULVZ069,B,B_G08,-43.20354590,-28.23813616,400.0000,15.0000,-25.0000,-9.2045,0.0000,0.0000,0.0000,ULVZ007,C,C_G05,48.26164894,-40.32564815,655.0000,50.0000,-20.0000,0.0000,0.0000,0.0000,0.0000
SRC024_B0,SRC024,stage1_baseline,SRC024_B0,21.7000,323.0,77.0,-176.0,1.00000000e+26,6,448,448,8,8,.false.,.true.,.false.,.true.,.true.,.true.,.false.,0.1,42,25400,25400,510,0,/scratch/yiy/ulvz/SRC024_B0/DATABASES_MPI/,24,9de7decec33f414250b77ea12bea928211f6a0266c580b2545012b878b51630e,PASS,,,,,,,,,,,,,,,,,,,,,,,,,,,,,,,,,,,,
SRC024_TRIULVZ,SRC024,stage2_multi,SRC024_B0,21.7000,323.0,77.0,-176.0,1.00000000e+26,6,448,448,8,8,.false.,.true.,.false.,.true.,.true.,.true.,.false.,0.1,42,25400,25400,510,3,/scratch/yiy/ulvz/SRC024_TRIULVZ/DATABASES_MPI/,74,86ba7f88f7b51a9a91236b58a660511b0b390c541b0a0a39da993fc107035008,PASS,ULVZ109,A,A_G02,0.50000000,52.50000000,240.0000,15.0000,-20.0000,0.0000,11.1765,0.0000,0.0000,ULVZ015,B,B_G03,-38.91690376,-27.78430053,400.0000,15.0000,-25.0000,-10.0000,0.0000,0.0000,0.0000,ULVZ032,C,C_G04,45.53792330,-36.03605854,240.0000,15.0000,-40.0000,0.0000,0.0000,0.0000,0.0000
SRC025_B0,SRC025,stage1_baseline,SRC025_B0,23.4000,216.0,28.0,92.0,1.00000000e+26,6,448,448,8,8,.false.,.true.,.false.,.true.,.true.,.true.,.false.,0.1,42,25400,25400,510,0,/scratch/yiy/ulvz/SRC025_B0/DATABASES_MPI/,25,35fca886ffd1eb6df62634532de2d123818ec7cf7536200bd5a2a51b06505277,PASS,,,,,,,,,,,,,,,,,,,,,,,,,,,,,,,,,,,,
SRC025_TRIULVZ,SRC025,stage2_multi,SRC025_B0,23.4000,216.0,28.0,92.0,1.00000000e+26,6,448,448,8,8,.false.,.true.,.false.,.true.,.true.,.true.,.false.,0.1,42,25400,25400,510,3,/scratch/yiy/ulvz/SRC025_TRIULVZ/DATABASES_MPI/,75,bc110907820a3e4e0c0791db8e2af5340f376d90ff8dc277d380c6f9cee2c45c,PASS,ULVZ077,A,A_G08,2.50000000,50.00000000,400.0000,15.0000,-25.0000,-14.6591,0.0000,0.0000,0.0000,ULVZ039,B,B_G03,-38.91690376,-27.78430053,240.0000,15.0000,-15.0000,0.0000,0.0000,0.0000,0.0000,ULVZ042,C,C_G05,48.26164894,-40.32564815,240.0000,15.0000,-17.7273,0.0000,0.0000,0.0000,0.0000
SRC026_B0,SRC026,stage1_baseline,SRC026_B0,24.0000,157.0,76.0,-175.0,1.00000000e+26,6,448,448,8,8,.false.,.true.,.false.,.true.,.true.,.true.,.false.,0.1,42,25400,25400,510,0,/scratch/yiy/ulvz/SRC026_B0/DATABASES_MPI/,26,d494d553ab969f4e5c23da70cf3ba97db4010c3486eb9cf872204e5aacc48c52,PASS,,,,,,,,,,,,,,,,,,,,,,,,,,,,,,,,,,,,
SRC026_TRIULVZ,SRC026,stage2_multi,SRC026_B0,24.0000,157.0,76.0,-175.0,1.00000000e+26,6,448,448,8,8,.false.,.true.,.false.,.true.,.true.,.true.,.false.,0.1,42,25400,25400,510,3,/scratch/yiy/ulvz/SRC026_TRIULVZ/DATABASES_MPI/,76,3baf930ebd6c92f0c35aed43dfbb7dfd57692d87d3a9e9338d05e010bac6101d,PASS,ULVZ005,A,A_G07,-2.50000000,52.00000000,655.0000,15.0000,-20.0000,0.0000,0.0000,0.0000,0.0000,ULVZ101,B,B_G05,-48.26164894,-40.32564815,240.0000,15.0000,-20.0000,0.0000,1.7647,0.0000,0.0000,ULVZ104,C,C_G04,45.53792330,-36.03605854,240.0000,15.0000,-20.0000,0.0000,5.2941,0.0000,0.0000
SRC027_B0,SRC027,stage1_baseline,SRC027_B0,25.8000,301.0,23.0,78.0,1.00000000e+26,6,448,448,8,8,.false.,.true.,.false.,.true.,.true.,.true.,.false.,0.1,42,25400,25400,510,0,/scratch/yiy/ulvz/SRC027_B0/DATABASES_MPI/,27,0cc1381f37b47351e93fd7341ec562c015503fc307e6845e6534039edcd96896,PASS,,,,,,,,,,,,,,,,,,,,,,,,,,,,,,,,,,,,
SRC027_TRIULVZ,SRC027,stage2_multi,SRC027_B0,25.8000,301.0,23.0,78.0,1.00000000e+26,6,448,448,8,8,.false.,.true.,.false.,.true.,.true.,.true.,.false.,0.1,42,25400,25400,510,3,/scratch/yiy/ulvz/SRC027_TRIULVZ/DATABASES_MPI/,77,492a3b9f4591bb3b53293f6d6c0a27a943a6a267ed5bd08c5ef2f9c9cfde93e5,PASS,ULVZ113,A,A_G02,0.50000000,52.50000000,240.0000,15.0000,-20.0000,0.0000,15.8824,0.0000,0.0000,ULVZ130,B,B_G02,-43.74113282,-32.58662529,398.3824,17.9412,-22.0588,0.0000,0.0000,0.0000,0.0000,ULVZ121,C,C_G06,50.19019001,-43.84549898,252.7941,12.6471,-27.3529,0.0000,0.0000,0.0000,0.0000
SRC028_B0,SRC028,stage1_baseline,SRC028_B0,27.9000,262.0,16.0,161.0,1.00000000e+26,6,448,448,8,8,.false.,.true.,.false.,.true.,.true.,.true.,.false.,0.1,42,25400,25400,510,0,/scratch/yiy/ulvz/SRC028_B0/DATABASES_MPI/,28,4150a832a9ca63c11605d2759f3fbd1c0ec755798e7b97b81fe1ecf04fd9e7a0,PASS,,,,,,,,,,,,,,,,,,,,,,,,,,,,,,,,,,,,
SRC028_TRIULVZ,SRC028,stage2_multi,SRC028_B0,27.9000,262.0,16.0,161.0,1.00000000e+26,6,448,448,8,8,.false.,.true.,.false.,.true.,.true.,.true.,.false.,0.1,42,25400,25400,510,3,/scratch/yiy/ulvz/SRC028_TRIULVZ/DATABASES_MPI/,78,9a2007786ca4f7f73d0ffb7a02338b9a47b402f15324753fe7454676dd2ffb50,PASS,ULVZ116,A,A_G05,0.00000000,59.50000000,240.0000,15.0000,-20.0000,0.0000,19.4118,0.0000,0.0000,ULVZ025,B,B_G01,-40.85466479,-30.83981523,400.0000,15.0000,-25.0000,-15.0000,0.0000,0.0000,0.0000,ULVZ051,C,C_G03,38.91690376,-27.78430053,240.0000,15.0000,-25.9091,0.0000,0.0000,0.0000,0.0000
SRC029_B0,SRC029,stage1_baseline,SRC029_B0,28.7000,314.0,25.0,70.0,1.00000000e+26,6,448,448,8,8,.false.,.true.,.false.,.true.,.true.,.true.,.false.,0.1,42,25400,25400,510,0,/scratch/yiy/ulvz/SRC029_B0/DATABASES_MPI/,29,f2e054172da72dcdad678cd7e9c7f918288d06ffcd27cdbbdebe726ef6ed53db,PASS,,,,,,,,,,,,,,,,,,,,,,,,,,,,,,,,,,,,
SRC029_TRIULVZ,SRC029,stage2_multi,SRC029_B0,28.7000,314.0,25.0,70.0,1.00000000e+26,6,448,448,8,8,.false.,.true.,.false.,.true.,.true.,.true.,.false.,0.1,42,25400,25400,510,3,/scratch/yiy/ulvz/SRC029_TRIULVZ/DATABASES_MPI/,79,6324c81b6edb30865c55e7305773c7f786f4c22ec1ee3ebbdb2d5476e2a6a0b6,PASS,ULVZ052,A,A_G07,-2.50000000,52.00000000,240.0000,15.0000,-26.8182,0.0000,0.0000,0.0000,0.0000,ULVZ074,B,B_G04,-45.53792330,-36.03605854,400.0000,15.0000,-25.0000,-12.6136,0.0000,0.0000,0.0000,ULVZ078,C,C_G07,44.71634893,-30.05173316,240.0000,10.2273,-20.2273,0.0000,0.0000,0.0000,0.0000
SRC030_B0,SRC030,stage1_baseline,SRC030_B0,31.0000,259.0,31.0,140.0,1.00000000e+26,6,448,448,8,8,.false.,.true.,.false.,.true.,.true.,.true.,.false.,0.1,42,25400,25400,510,0,/scratch/yiy/ulvz/SRC030_B0/DATABASES_MPI/,30,ed13a3f641c1e1950c659273d79cc031d855ce357e4494db0f679635730d8f3d,PASS,,,,,,,,,,,,,,,,,,,,,,,,,,,,,,,,,,,,
SRC030_TRIULVZ,SRC030,stage2_multi,SRC030_B0,31.0000,259.0,31.0,140.0,1.00000000e+26,6,448,448,8,8,.false.,.true.,.false.,.true.,.true.,.true.,.false.,0.1,42,25400,25400,510,3,/scratch/yiy/ulvz/SRC030_TRIULVZ/DATABASES_MPI/,80,08db127e952db29d23d0295981b7c24eeaf1a661775288bd92518325aa79763b,PASS,ULVZ057,A,A_G04,0.00000000,55.50000000,400.0000,15.0000,-25.0000,-1.0227,0.0000,0.0000,0.0000,ULVZ089,B,B_G03,-38.91690376,-27.78430053,240.0000,15.2273,-25.2273,0.0000,0.0000,0.0000,0.0000,ULVZ124,C,C_G01,41.51905367,-29.84667315,301.3235,14.4118,-25.5882,0.0000,0.0000,0.0000,0.0000
SRC031_B0,SRC031,stage1_baseline,SRC031_B0,33.2000,227.0,19.0,104.0,1.00000000e+26,6,448,448,8,8,.false.,.true.,.false.,.true.,.true.,.true.,.false.,0.1,42,25400,25400,510,0,/scratch/yiy/ulvz/SRC031_B0/DATABASES_MPI/,31,c6527902df6ce0801781cf12b468d9e5831baa19e8727cf847ff18e904e2fad5,PASS,,,,,,,,,,,,,,,,,,,,,,,,,,,,,,,,,,,,
SRC031_TRIULVZ,SRC031,stage2_multi,SRC031_B0,33.2000,227.0,19.0,104.0,1.00000000e+26,6,448,448,8,8,.false.,.true.,.false.,.true.,.true.,.true.,.false.,0.1,42,25400,25400,510,3,/scratch/yiy/ulvz/SRC031_TRIULVZ/DATABASES_MPI/,81,25d780e97261762b8da5711e592920586992644f186c2c902c9abe48f7d5a533,PASS,ULVZ112,A,A_G01,-0.50000000,49.50000000,240.0000,15.0000,-20.0000,0.0000,14.7059,0.0000,0.0000,ULVZ129,B,B_G02,-43.74113282,-32.58662529,382.2059,17.3529,-22.6471,0.0000,0.0000,0.0000,0.0000,ULVZ131,C,C_G07,44.71634893,-30.05173316,414.5588,18.5294,-21.4706,0.0000,0.0000,0.0000,0.0000
SRC032_B0,SRC032,stage1_baseline,SRC032_B0,36.0000,115.0,43.0,94.0,1.00000000e+26,6,448,448,8,8,.false.,.true.,.false.,.true.,.true.,.true.,.false.,0.1,42,25400,25400,510,0,/scratch/yiy/ulvz/SRC032_B0/DATABASES_MPI/,32,4ff0f4fb6a259c25ec6978f54ca370f6219e10dbd30694ab1f7ad68492b57dac,PASS,,,,,,,,,,,,,,,,,,,,,,,,,,,,,,,,,,,,
SRC032_TRIULVZ,SRC032,stage2_multi,SRC032_B0,36.0000,115.0,43.0,94.0,1.00000000e+26,6,448,448,8,8,.false.,.true.,.false.,.true.,.true.,.true.,.false.,0.1,42,25400,25400,510,3,/scratch/yiy/ulvz/SRC032_TRIULVZ/DATABASES_MPI/,82,42f1d928a4bb9e8c6ceadb02aab21177f749531057dbe487dcc9cba08c3402fa,PASS,ULVZ034,A,A_G08,2.50000000,50.00000000,240.0000,15.0000,-10.4545,0.0000,0.0000,0.0000,0.0000,ULVZ114,B,B_G02,-43.74113282,-32.58662529,240.0000,15.0000,-20.0000,0.0000,17.0588,0.0000,0.0000,ULVZ137,C,C_G04,45.53792330,-36.03605854,655.0000,22.2059,-20.0000,0.0000,0.0000,0.0000,0.0000
SRC033_B0,SRC033,stage1_baseline,SRC033_B0,37.1000,124.0,66.0,-160.0,1.00000000e+26,6,448,448,8,8,.false.,.true.,.false.,.true.,.true.,.true.,.false.,0.1,42,25400,25400,510,0,/scratch/yiy/ulvz/SRC033_B0/DATABASES_MPI/,33,a9b68ad82f0d92d028fe3a3b58b423a1bd68cb35673cc31ce0aaeaadd867b428,PASS,,,,,,,,,,,,,,,,,,,,,,,,,,,,,,,,,,,,
SRC033_TRIULVZ,SRC033,stage2_multi,SRC033_B0,37.1000,124.0,66.0,-160.0,1.00000000e+26,6,448,448,8,8,.false.,.true.,.false.,.true.,.true.,.true.,.false.,0.1,42,25400,25400,510,3,/scratch/yiy/ulvz/SRC033_TRIULVZ/DATABASES_MPI/,83,7da840508e25d071254824b8c4aa5cfe53399605785bbae7f15eaa0103f12e75,PASS,ULVZ049,A,A_G06,0.00000000,62.50000000,240.0000,15.0000,-24.0909,0.0000,0.0000,0.0000,0.0000,ULVZ084,B,B_G05,-48.26164894,-40.32564815,240.0000,12.9545,-22.9545,0.0000,0.0000,0.0000,0.0000,ULVZ148,C,C_G06,50.19019001,-43.84549898,655.0000,44.8529,-20.0000,0.0000,0.0000,0.0000,0.0000
SRC034_B0,SRC034,stage1_baseline,SRC034_B0,39.4000,302.0,33.0,88.0,1.00000000e+26,6,448,448,8,8,.false.,.true.,.false.,.true.,.true.,.true.,.false.,0.1,42,25400,25400,510,0,/scratch/yiy/ulvz/SRC034_B0/DATABASES_MPI/,34,d3ce6a1fb82115f3fc98ae1539a3af991c1624378272891c87f1020eb36f8f73,PASS,,,,,,,,,,,,,,,,,,,,,,,,,,,,,,,,,,,,
SRC034_TRIULVZ,SRC034,stage2_multi,SRC034_B0,39.4000,302.0,33.0,88.0,1.00000000e+26,6,448,448,8,8,.false.,.true.,.false.,.true.,.true.,.true.,.false.,0.1,42,25400,25400,510,3,/scratch/yiy/ulvz/SRC034_TRIULVZ/DATABASES_MPI/,84,f8b063cef2c13e69d24de01d160baea1f6fe1685aee6af6d4a7db05fccf0a1b8,PASS,ULVZ147,A,A_G08,2.50000000,50.00000000,655.0000,42.7941,-20.0000,0.0000,0.0000,0.0000,0.0000,ULVZ076,B,B_G02,-43.74113282,-32.58662529,400.0000,15.0000,-25.0000,-13.9773,0.0000,0.0000,0.0000,ULVZ128,C,C_G06,50.19019001,-43.84549898,366.0294,16.7647,-23.2353,0.0000,0.0000,0.0000,0.0000
SRC035_B0,SRC035,stage1_baseline,SRC035_B0,42.6000,293.0,40.0,135.0,1.00000000e+26,6,448,448,8,8,.false.,.true.,.false.,.true.,.true.,.true.,.false.,0.1,42,25400,25400,510,0,/scratch/yiy/ulvz/SRC035_B0/DATABASES_MPI/,35,37c3623ed614ddd9fb6eff489352377cafd5e666bb1573e70a3fe1886423c0e8,PASS,,,,,,,,,,,,,,,,,,,,,,,,,,,,,,,,,,,,
SRC035_TRIULVZ,SRC035,stage2_multi,SRC035_B0,42.6000,293.0,40.0,135.0,1.00000000e+26,6,448,448,8,8,.false.,.true.,.false.,.true.,.true.,.true.,.false.,0.1,42,25400,25400,510,3,/scratch/yiy/ulvz/SRC035_TRIULVZ/DATABASES_MPI/,85,18dc133ddb4ed5a6604c64429d2625eda1a08e2af547bc76fe56a5a0bf59b2d9,PASS,ULVZ091,A,A_G05,0.00000000,59.50000000,240.0000,16.1364,-26.1364,0.0000,0.0000,0.0000,0.0000,ULVZ012,B,B_G07,-41.29820323,-35.04531474,400.0000,15.0000,-25.0000,0.0000,0.0000,0.0000,0.0000,ULVZ149,C,C_G05,48.26164894,-40.32564815,655.0000,46.9118,-20.0000,0.0000,0.0000,0.0000,0.0000
SRC036_B0,SRC036,stage1_baseline,SRC036_B0,46.0000,131.0,41.0,85.0,1.00000000e+26,6,448,448,8,8,.false.,.true.,.false.,.true.,.true.,.true.,.false.,0.1,42,25400,25400,510,0,/scratch/yiy/ulvz/SRC036_B0/DATABASES_MPI/,36,ec4a155137a369bec98a42188594663eecc0a64c9f8b56aa3e95cc00b7ea4c8c,PASS,,,,,,,,,,,,,,,,,,,,,,,,,,,,,,,,,,,,
SRC036_TRIULVZ,SRC036,stage2_multi,SRC036_B0,46.0000,131.0,41.0,85.0,1.00000000e+26,6,448,448,8,8,.false.,.true.,.false.,.true.,.true.,.true.,.false.,0.1,42,25400,25400,510,3,/scratch/yiy/ulvz/SRC036_TRIULVZ/DATABASES_MPI/,86,b15db7e9a082a7e310333180cf2f3edbd2963f603553855b6558079c823b2f4c,PASS,ULVZ110,A,A_G04,0.00000000,55.50000000,240.0000,15.0000,-20.0000,0.0000,12.3529,0.0000,0.0000,ULVZ024,B,B_G05,-48.26164894,-40.32564815,240.0000,50.0000,-30.0000,0.0000,0.0000,0.0000,0.0000,ULVZ067,C,C_G02,43.05301016,-33.58525590,400.0000,15.0000,-25.0000,-7.8409,0.0000,0.0000,0.0000
SRC037_B0,SRC037,stage1_baseline,SRC037_B0,49.4000,302.0,42.0,78.0,1.00000000e+26,6,448,448,8,8,.false.,.true.,.false.,.true.,.true.,.true.,.false.,0.1,42,25400,25400,510,0,/scratch/yiy/ulvz/SRC037_B0/DATABASES_MPI/,37,4ae1355a9e4258202bc966c4890ee927b6762d113debad7f72d4e280f2d01396,PASS,,,,,,,,,,,,,,,,,,,,,,,,,,,,,,,,,,,,
SRC037_TRIULVZ,SRC037,stage2_multi,SRC037_B0,49.4000,302.0,42.0,78.0,1.00000000e+26,6,448,448,8,8,.false.,.true.,.false.,.true.,.true.,.true.,.false.,0.1,42,25400,25400,510,3,/scratch/yiy/ulvz/SRC037_TRIULVZ/DATABASES_MPI/,87,9588673867e845bc72de7774757d2f4f3310d5e4c1563aaae13280eaefc3ce44,PASS,ULVZ029,A,A_G02,0.50000000,52.50000000,655.0000,50.0000,-30.0000,0.0000,0.0000,0.0000,0.0000,ULVZ006,B,B_G07,-41.29820323,-35.04531474,655.0000,15.0000,-20.0000,0.0000,0.0000,0.0000,0.0000,ULVZ065,C,C_G03,38.91690376,-27.78430053,400.0000,15.0000,-25.0000,-6.4773,0.0000,0.0000,0.0000
SRC038_B0,SRC038,stage1_baseline,SRC038_B0,56.0000,212.0,7.0,-158.0,1.00000000e+26,6,448,448,8,8,.false.,.true.,.false.,.true.,.true.,.true.,.false.,0.1,42,25400,25400,510,0,/scratch/yiy/ulvz/SRC038_B0/DATABASES_MPI/,38,9d57fed472c170ac794e974c66121090d070acafe69e9ff60e76813c43bc2b61,PASS,,,,,,,,,,,,,,,,,,,,,,,,,,,,,,,,,,,,
SRC038_TRIULVZ,SRC038,stage2_multi,SRC038_B0,56.0000,212.0,7.0,-158.0,1.00000000e+26,6,448,448,8,8,.false.,.true.,.false.,.true.,.true.,.true.,.false.,0.1,42,25400,25400,510,3,/scratch/yiy/ulvz/SRC038_TRIULVZ/DATABASES_MPI/,88,c11aa6c48294174f80f6a92648a8af572720b097fe3bbd157774a2f19823c191,PASS,ULVZ127,A,A_G06,0.00000000,62.50000000,349.8529,16.1765,-23.8235,0.0000,0.0000,0.0000,0.0000,ULVZ073,B,B_G01,-40.85466479,-30.83981523,400.0000,15.0000,-25.0000,-11.9318,0.0000,0.0000,0.0000,ULVZ103,C,C_G07,44.71634893,-30.05173316,240.0000,15.0000,-20.0000,0.0000,4.1176,0.0000,0.0000
SRC039_B0,SRC039,stage1_baseline,SRC039_B0,56.1000,192.0,33.0,89.0,1.00000000e+26,6,448,448,8,8,.false.,.true.,.false.,.true.,.true.,.true.,.false.,0.1,42,25400,25400,510,0,/scratch/yiy/ulvz/SRC039_B0/DATABASES_MPI/,39,a4cf411a6ffa1f1a656c6558225a465929df2015c90006d27ca4557f689eae2c,PASS,,,,,,,,,,,,,,,,,,,,,,,,,,,,,,,,,,,,
SRC039_TRIULVZ,SRC039,stage2_multi,SRC039_B0,56.1000,192.0,33.0,89.0,1.00000000e+26,6,448,448,8,8,.false.,.true.,.false.,.true.,.true.,.true.,.false.,0.1,42,25400,25400,510,3,/scratch/yiy/ulvz/SRC039_TRIULVZ/DATABASES_MPI/,89,9d33f14a64a9539d5dd031032778b8f8e9ab0545eae2597b46c166a36fd8d57f,PASS,ULVZ088,A,A_G04,0.00000000,55.50000000,240.0000,14.7727,-24.7727,0.0000,0.0000,0.0000,0.0000,ULVZ064,B,B_G08,-43.20354590,-28.23813616,400.0000,15.0000,-25.0000,-5.7955,0.0000,0.0000,0.0000,ULVZ094,C,C_G02,43.05301016,-33.58525590,240.0000,17.5000,-27.5000,0.0000,0.0000,0.0000,0.0000
SRC040_B0,SRC040,stage1_baseline,SRC040_B0,78.3000,351.0,37.0,-150.0,1.00000000e+26,6,448,448,8,8,.false.,.true.,.false.,.true.,.true.,.true.,.false.,0.1,42,25400,25400,510,0,/scratch/yiy/ulvz/SRC040_B0/DATABASES_MPI/,40,aa59ac2c0fd8bfef6359046f6496b3dea9964ebf19edc5f0fe2773e6e2038ee5,PASS,,,,,,,,,,,,,,,,,,,,,,,,,,,,,,,,,,,,
SRC040_TRIULVZ,SRC040,stage2_multi,SRC040_B0,78.3000,351.0,37.0,-150.0,1.00000000e+26,6,448,448,8,8,.false.,.true.,.false.,.true.,.true.,.true.,.false.,0.1,42,25400,25400,510,3,/scratch/yiy/ulvz/SRC040_TRIULVZ/DATABASES_MPI/,90,a13e380f260a6424b1613437199ef535d72abfacd0c30b773be4ff2085b31cb9,PASS,ULVZ097,A,A_G01,-0.50000000,49.50000000,240.0000,18.8636,-28.8636,0.0000,0.0000,0.0000,0.0000,ULVZ126,B,B_G05,-48.26164894,-40.32564815,333.6765,15.5882,-24.4118,0.0000,0.0000,0.0000,0.0000,ULVZ044,C,C_G01,41.51905367,-29.84667315,240.0000,15.0000,-19.5455,0.0000,0.0000,0.0000,0.0000
SRC041_B0,SRC041,stage1_baseline,SRC041_B0,105.6000,118.0,18.0,-27.0,1.00000000e+26,6,448,448,8,8,.false.,.true.,.false.,.true.,.true.,.true.,.false.,0.1,42,25400,25400,510,0,/scratch/yiy/ulvz/SRC041_B0/DATABASES_MPI/,41,045946a266dad33ae0b84cfb028963db49e0f9999dfb7b2687ab68a0cd9f1247,PASS,,,,,,,,,,,,,,,,,,,,,,,,,,,,,,,,,,,,
SRC041_TRIULVZ,SRC041,stage2_multi,SRC041_B0,105.6000,118.0,18.0,-27.0,1.00000000e+26,6,448,448,8,8,.false.,.true.,.false.,.true.,.true.,.true.,.false.,0.1,42,25400,25400,510,3,/scratch/yiy/ulvz/SRC041_TRIULVZ/DATABASES_MPI/,91,f305b1e83a47ed69dd839bccb7b2a4b72d5a2663176e7db51e57b0c36afc8f9a,PASS,ULVZ092,A,A_G06,0.00000000,62.50000000,240.0000,16.5909,-26.5909,0.0000,0.0000,0.0000,0.0000,ULVZ087,B,B_G02,-43.74113282,-32.58662529,240.0000,14.3182,-24.3182,0.0000,0.0000,0.0000,0.0000,ULVZ037,C,C_G02,43.05301016,-33.58525590,240.0000,15.0000,-13.1818,0.0000,0.0000,0.0000,0.0000
SRC042_B0,SRC042,stage1_baseline,SRC042_B0,126.1000,247.0,17.0,68.0,1.00000000e+26,6,448,448,8,8,.false.,.true.,.false.,.true.,.true.,.true.,.false.,0.1,42,25400,25400,510,0,/scratch/yiy/ulvz/SRC042_B0/DATABASES_MPI/,42,0f5f0684526f933aa7167ffc19cfdbe3a5ba8f9528370c875c6fd117b5f0fd23,PASS,,,,,,,,,,,,,,,,,,,,,,,,,,,,,,,,,,,,
SRC042_TRIULVZ,SRC042,stage2_multi,SRC042_B0,126.1000,247.0,17.0,68.0,1.00000000e+26,6,448,448,8,8,.false.,.true.,.false.,.true.,.true.,.true.,.false.,0.1,42,25400,25400,510,3,/scratch/yiy/ulvz/SRC042_TRIULVZ/DATABASES_MPI/,92,fff9573081da1eb4899e585291c6b5242c38cf3dde33ba9ef31fcb8f532e7903,PASS,ULVZ082,A,A_G02,0.50000000,52.50000000,240.0000,12.0455,-22.0455,0.0000,0.0000,0.0000,0.0000,ULVZ100,B,B_G04,-45.53792330,-36.03605854,240.0000,15.0000,-20.0000,0.0000,0.5882,0.0000,0.0000,ULVZ145,C,C_G06,50.19019001,-43.84549898,655.0000,38.6765,-20.0000,0.0000,0.0000,0.0000,0.0000
SRC043_B0,SRC043,stage1_baseline,SRC043_B0,146.8000,136.0,40.0,-79.0,1.00000000e+26,6,448,448,8,8,.false.,.true.,.false.,.true.,.true.,.true.,.false.,0.1,42,25400,25400,510,0,/scratch/yiy/ulvz/SRC043_B0/DATABASES_MPI/,43,fac46aa7675778d7887a5d6e57db4fe4b8f82add91ea30612c01224bebae7144,PASS,,,,,,,,,,,,,,,,,,,,,,,,,,,,,,,,,,,,
SRC043_TRIULVZ,SRC043,stage2_multi,SRC043_B0,146.8000,136.0,40.0,-79.0,1.00000000e+26,6,448,448,8,8,.false.,.true.,.false.,.true.,.true.,.true.,.false.,0.1,42,25400,25400,510,3,/scratch/yiy/ulvz/SRC043_TRIULVZ/DATABASES_MPI/,93,16f896f540f4eb9b445933c53f6aff4119e60c3980ca9f0bc4daae66bd3b833b,PASS,ULVZ144,A,A_G03,0.00000000,46.50000000,655.0000,36.6176,-20.0000,0.0000,0.0000,0.0000,0.0000,ULVZ027,B,B_G08,-43.20354590,-28.23813616,400.0000,15.0000,-25.0000,-15.0000,0.0000,0.0000,0.0000,ULVZ048,C,C_G02,43.05301016,-33.58525590,240.0000,15.0000,-23.1818,0.0000,0.0000,0.0000,0.0000
SRC044_B0,SRC044,stage1_baseline,SRC044_B0,150.9000,100.0,15.0,-50.0,1.00000000e+26,6,448,448,8,8,.false.,.true.,.false.,.true.,.true.,.true.,.false.,0.1,42,25400,25400,510,0,/scratch/yiy/ulvz/SRC044_B0/DATABASES_MPI/,44,886c67019e54875180536d5d7fbef3f851d1cde50ed8e4f056c0831f1e31a082,PASS,,,,,,,,,,,,,,,,,,,,,,,,,,,,,,,,,,,,
SRC044_TRIULVZ,SRC044,stage2_multi,SRC044_B0,150.9000,100.0,15.0,-50.0,1.00000000e+26,6,448,448,8,8,.false.,.true.,.false.,.true.,.true.,.true.,.false.,0.1,42,25400,25400,510,3,/scratch/yiy/ulvz/SRC044_TRIULVZ/DATABASES_MPI/,94,282fe818701e0def8f529ea88bda0880f7770bb6a44d8283f9745184958c7240,PASS,ULVZ041,A,A_G01,-0.50000000,49.50000000,240.0000,15.0000,-16.8182,0.0000,0.0000,0.0000,0.0000,ULVZ070,B,B_G05,-48.26164894,-40.32564815,400.0000,15.0000,-25.0000,-9.8864,0.0000,0.0000,0.0000,ULVZ108,C,C_G01,41.51905367,-29.84667315,240.0000,15.0000,-20.0000,0.0000,10.0000,0.0000,0.0000
SRC045_B0,SRC045,stage1_baseline,SRC045_B0,151.9000,242.0,31.0,84.0,1.00000000e+26,6,448,448,8,8,.false.,.true.,.false.,.true.,.true.,.true.,.false.,0.1,42,25400,25400,510,0,/scratch/yiy/ulvz/SRC045_B0/DATABASES_MPI/,45,2297661fa9bdd8fc43b405b38aea60b3a3267330b717e80a472f48e8310f1bf7,PASS,,,,,,,,,,,,,,,,,,,,,,,,,,,,,,,,,,,,
SRC045_TRIULVZ,SRC045,stage2_multi,SRC045_B0,151.9000,242.0,31.0,84.0,1.00000000e+26,6,448,448,8,8,.false.,.true.,.false.,.true.,.true.,.true.,.false.,0.1,42,25400,25400,510,3,/scratch/yiy/ulvz/SRC045_TRIULVZ/DATABASES_MPI/,95,3f736e6ad7ca8b42a58d56d04a497ff8e853a7d4f4ef57f2d9cbc672581e5ea3,PASS,ULVZ132,A,A_G05,0.00000000,59.50000000,430.7353,19.1176,-20.8824,0.0000,0.0000,0.0000,0.0000,ULVZ102,B,B_G06,-50.19019001,-43.84549898,240.0000,15.0000,-20.0000,0.0000,2.9412,0.0000,0.0000,ULVZ036,C,C_G05,48.26164894,-40.32564815,240.0000,15.0000,-12.2727,0.0000,0.0000,0.0000,0.0000
SRC046_B0,SRC046,stage1_baseline,SRC046_B0,165.2000,333.0,21.0,-150.0,1.00000000e+26,6,448,448,8,8,.false.,.true.,.false.,.true.,.true.,.true.,.false.,0.1,42,25400,25400,510,0,/scratch/yiy/ulvz/SRC046_B0/DATABASES_MPI/,46,a28f8c961b266338c38cc34bd723149acb0b03f5778100b13e7310a040542c4e,PASS,,,,,,,,,,,,,,,,,,,,,,,,,,,,,,,,,,,,
SRC046_TRIULVZ,SRC046,stage2_multi,SRC046_B0,165.2000,333.0,21.0,-150.0,1.00000000e+26,6,448,448,8,8,.false.,.true.,.false.,.true.,.true.,.true.,.false.,0.1,42,25400,25400,510,3,/scratch/yiy/ulvz/SRC046_TRIULVZ/DATABASES_MPI/,96,e6a13a71c7f7d8b26875757d6dd6bdf8be2650f6228fefb440dd9650bd66b1f3,PASS,ULVZ035,A,A_G03,0.00000000,46.50000000,240.0000,15.0000,-11.3636,0.0000,0.0000,0.0000,0.0000,ULVZ099,B,B_G06,-50.19019001,-43.84549898,240.0000,19.7727,-29.7727,0.0000,0.0000,0.0000,0.0000,ULVZ033,C,C_G05,48.26164894,-40.32564815,240.0000,15.0000,-40.0000,0.0000,0.0000,0.0000,0.0000
SRC047_B0,SRC047,stage1_baseline,SRC047_B0,467.1000,75.0,7.0,168.0,1.00000000e+26,6,448,448,8,8,.false.,.true.,.false.,.true.,.true.,.true.,.false.,0.1,42,25400,25400,510,0,/scratch/yiy/ulvz/SRC047_B0/DATABASES_MPI/,47,539d2fb1fcf773a7e080dba5205373927e913d6862cf92af5cefa8a95fe4dc07,PASS,,,,,,,,,,,,,,,,,,,,,,,,,,,,,,,,,,,,
SRC047_TRIULVZ,SRC047,stage2_multi,SRC047_B0,467.1000,75.0,7.0,168.0,1.00000000e+26,6,448,448,8,8,.false.,.true.,.false.,.true.,.true.,.true.,.false.,0.1,42,25400,25400,510,3,/scratch/yiy/ulvz/SRC047_TRIULVZ/DATABASES_MPI/,97,2b26d5061c2c54e25ec58b7f2ce7d1b02914521a9739a2eb6d776fb31d4b5bd0,PASS,ULVZ143,A,A_G04,0.00000000,55.50000000,655.0000,34.5588,-20.0000,0.0000,0.0000,0.0000,0.0000,ULVZ061,B,B_G07,-41.29820323,-35.04531474,400.0000,15.0000,-25.0000,-3.7500,0.0000,0.0000,0.0000,ULVZ040,C,C_G08,39.86439939,-33.21280998,240.0000,15.0000,-15.9091,0.0000,0.0000,0.0000,0.0000
SRC048_B0,SRC048,stage1_baseline,SRC048_B0,571.3000,26.0,21.0,-36.0,1.00000000e+26,6,448,448,8,8,.false.,.true.,.false.,.true.,.true.,.true.,.false.,0.1,42,25400,25400,510,0,/scratch/yiy/ulvz/SRC048_B0/DATABASES_MPI/,48,4db777d393c4472c0d27d3b0a1e721c636b6af37dba0bd791627993fb3de1649,PASS,,,,,,,,,,,,,,,,,,,,,,,,,,,,,,,,,,,,
SRC048_TRIULVZ,SRC048,stage2_multi,SRC048_B0,571.3000,26.0,21.0,-36.0,1.00000000e+26,6,448,448,8,8,.false.,.true.,.false.,.true.,.true.,.true.,.false.,0.1,42,25400,25400,510,3,/scratch/yiy/ulvz/SRC048_TRIULVZ/DATABASES_MPI/,98,c9b619ebb66b5e8673b29fc7e1a2a4af0596aa5edecc11c8e3b564b1a5c6ac81,PASS,ULVZ053,A,A_G03,0.00000000,46.50000000,240.0000,15.0000,-27.7273,0.0000,0.0000,0.0000,0.0000,ULVZ002,B,B_G01,-40.85466479,-30.83981523,240.0000,15.0000,-20.0000,0.0000,0.0000,0.0000,0.0000,ULVZ028,C,C_G01,41.51905367,-29.84667315,655.0000,50.0000,-30.0000,0.0000,0.0000,0.0000,0.0000
SRC049_B0,SRC049,stage1_baseline,SRC049_B0,591.6000,28.0,23.0,-44.0,1.00000000e+26,6,448,448,8,8,.false.,.true.,.false.,.true.,.true.,.true.,.false.,0.1,42,25400,25400,510,0,/scratch/yiy/ulvz/SRC049_B0/DATABASES_MPI/,49,dbee737238ca0733f895ebb70823ad201129e68301a7752e4dfeafec7cccc84f,PASS,,,,,,,,,,,,,,,,,,,,,,,,,,,,,,,,,,,,
SRC049_TRIULVZ,SRC049,stage2_multi,SRC049_B0,591.6000,28.0,23.0,-44.0,1.00000000e+26,6,448,448,8,8,.false.,.true.,.false.,.true.,.true.,.true.,.false.,0.1,42,25400,25400,510,3,/scratch/yiy/ulvz/SRC049_TRIULVZ/DATABASES_MPI/,99,9deacca38dc1afa3405ca76d010cae09e7b3b7f4e35e75a0a938b6d48ab01457,PASS,ULVZ058,A,A_G01,-0.50000000,49.50000000,400.0000,15.0000,-25.0000,-1.7045,0.0000,0.0000,0.0000,ULVZ133,B,B_G06,-50.19019001,-43.84549898,446.9118,19.7059,-20.2941,0.0000,0.0000,0.0000,0.0000,ULVZ054,C,C_G08,39.86439939,-33.21280998,240.0000,15.0000,-28.6364,0.0000,0.0000,0.0000,0.0000
SRC050_B0,SRC050,stage1_baseline,SRC050_B0,607.9000,290.0,5.0,-150.0,1.00000000e+26,6,448,448,8,8,.false.,.true.,.false.,.true.,.true.,.true.,.false.,0.1,42,25400,25400,510,0,/scratch/yiy/ulvz/SRC050_B0/DATABASES_MPI/,50,e7c7e4328122bbd0f15dae895cf6d87ec047b63fd11e812d09cef0dd101286e7,PASS,,,,,,,,,,,,,,,,,,,,,,,,,,,,,,,,,,,,
SRC050_TRIULVZ,SRC050,stage2_multi,SRC050_B0,607.9000,290.0,5.0,-150.0,1.00000000e+26,6,448,448,8,8,.false.,.true.,.false.,.true.,.true.,.true.,.false.,0.1,42,25400,25400,510,3,/scratch/yiy/ulvz/SRC050_TRIULVZ/DATABASES_MPI/,100,1170c76850bee33e8936f6b32a5b79a45c6fb1d8114ab17c1f4943be7110d274,PASS,ULVZ010,A,A_G04,0.00000000,55.50000000,400.0000,15.0000,-25.0000,0.0000,0.0000,0.0000,0.0000,ULVZ142,B,B_G03,-38.91690376,-27.78430053,655.0000,32.5000,-20.0000,0.0000,0.0000,0.0000,0.0000,ULVZ150,C,C_G03,38.91690376,-27.78430053,655.0000,48.9706,-20.0000,0.0000,0.0000,0.0000,0.0000
